ID,Edge,s.Seg01,s.Seg02,s.Seg03,s.Seg04,s.Seg05,s.Seg06,s.Seg07,s.Seg08,s.Seg10,s.Seg11,s.Seg12,s.Seg13,s.Seg14,s.Seg15,s.Seg16,s.Seg17,s.Seg18,s.Seg19,s.Seg20,p.Seg01,p.Seg02,p.Seg03,p.Seg04,p.Seg05,p.Seg06,p.Seg07,p.Seg08,p.Seg10,p.Seg11,p.Seg12,p.Seg13,p.Seg14,p.Seg15,p.Seg16,p.Seg17,p.Seg18,p.Seg19,p.Seg20,sig.Seg01,sig.Seg02,sig.Seg03,sig.Seg04,sig.Seg05,sig.Seg06,sig.Seg07,sig.Seg08,sig.Seg10,sig.Seg11,sig.Seg12,sig.Seg13,sig.Seg14,sig.Seg15,sig.Seg16,sig.Seg17,sig.Seg18,sig.Seg19,sig.Seg20,num.sig,new.num.sig,Gene,ORF,bowtie_code,briefDescription,chromosome,cigar_match,description,end,functionSummary,insertion_edge,insertion_strand,mapq,orf_strand,phenotypeSummary,start,Expected.TnCS,In.TnCS.All,Is.Reference,Rearray.Well,Tn96.Well
838,TGATCATCACGGGACTTCTGGTTTATGGAA,0.32,-0.88,-1.02,-0.96,-1.75,-1.2,-1.21,0.41,0.15,-1.23,,-0.41,-1.38,0.37,-2.4,,0.34,-0.24,-0.69,0.00011,0.0,0.022000000000000002,0.027999999999999997,0.0091,1.5e-07,3.4e-05,0.034,0.37,1e-15,,6.5e-07,2.2000000000000002e-16,0.00011999999999999999,0.0015,,0.055999999999999994,0.22,0.0009599999999999999,True,True,False,False,False,True,True,False,False,True,False,True,True,True,False,False,False,False,False,8,8,FLC2,YAL053W,0,Putative calcium channel involved in calcium release under hypotonic,chr01,30M,"Putative calcium channel involved in calcium release under hypotonic stress; required for uptake of FAD into endoplasmic reticulum; involved in cell wall maintenance; FLC2 has a paralog, YOR365C, that arose from the whole genome duplication",48250,None,47217,+,44,1,None,45899,True,True,False,P01C5,A1
801,TCGAAAGCACAGTAGCAATCCATCATGGGA,-7.86,,,,-12.41,-8.49,,-8.24,,,,-3.98,-8.13,-7.55,-8.74,0.39,,-10.99,,2.9e-12,,,,0.0,1.4000000000000001e-09,,1.8e-09,,,,0.0001,1.9e-05,4.7e-05,7.000000000000001e-06,0.33,,0.0,,True,False,False,False,True,True,False,True,False,False,False,True,True,True,True,False,False,True,False,9,9,,,16,,chr08,30M,,,,189888,-,44,,,,True,True,False,P01D4,B1
684,GTTGAACTGGTTGTTAGCTTGTTGGTTCAA,-2.88,-2.77,-2.79,-2.73,-3.73,-1.95,-4.37,-2.54,-1.02,-0.94,-2.38,-2.49,-1.34,-2.05,-1.44,-3.76,-1.71,-0.8,-2.07,0.0,0.0,3.6000000000000003e-13,2.7000000000000002e-05,1.8000000000000002e-10,0.00021,4.0999999999999996e-14,6.2e-10,3.5e-08,0.0018,2.7e-13,2.3e-06,0.00011999999999999999,5.7999999999999997e-08,0.0022,3.4e-05,3.6e-07,9e-07,3.3e-08,True,True,True,True,True,False,True,True,True,False,True,True,False,True,False,True,True,True,True,15,14,STM1,YLR150W,16,Protein required for optimal translation under nutrient stress,chr12,30M,Protein required for optimal translation under nutrient stress; perturbs association of Yef3p with ribosomes; involved in TOR signaling; binds G4 quadruplex and purine motif triplex nucleic acid; helps maintain telomere structure; protein abundance increases in response to DNA replication stress; serves as a ribosome preservation factor both during quiescence and recovery,441288,"Protein that binds to ribosomes and DNA including telomeres and triplex DNA; involved in TOR signaling, telomere maintenance, and translational elongation; regulates translational initiation in response to stress and negatively regulates apoptosis; localizes to the cytoplasm and the polysome|uniprot_proteome=UP000002311",440958,-,44,1,None,440467,True,True,False,P01D5,C1
886,TTTAACTCACCGTAAAATCGATCAATATTA,-2.49,-3.48,-3.21,-2.33,,-2.46,-1.86,-3.53,0.0,-2.31,-1.45,-2.34,-1.97,-1.4,-1.96,-2.82,-0.99,-1.85,-2.8,1.2e-08,0.00011999999999999999,5.9e-10,2.5e-05,,7.2e-07,0.0037,2.4e-06,1.0,0.0,6.3e-05,2e-06,0.011000000000000001,0.11,0.0005200000000000001,2.7000000000000002e-05,0.00036,3.3e-05,5.2e-08,True,True,True,True,False,True,False,True,False,True,True,True,False,False,False,True,False,True,True,12,12,,,16,,chr12,30M,,,,925283,-,44,,,,True,True,False,P01E4,D1
308,CAAGTTCGGCGAAATGGTTACGGGAACCGC,-4.93,-3.87,-13.09,,,-13.7,-3.62,-11.87,-14.27,,-9.0,-7.74,-0.21,,-4.37,-9.26,-1.74,0.03,-5.92,8.7e-08,5.7999999999999997e-08,0.0,,,1.3999999999999998e-10,9.199999999999999e-11,4.4000000000000005e-16,0.0,,0.0,3.5e-05,0.61,,8.6e-05,0.0,0.0091,0.94,1.1e-09,True,True,True,False,False,True,True,True,True,False,True,True,False,False,True,True,False,False,True,12,12,PHO4,YFR034C,0,Basic helix-loop-helix (bHLH) transcription factor of the myc-family,chr06,30M,"Basic helix-loop-helix (bHLH) transcription factor of the myc-family; activates transcription cooperatively with Pho2p in response to phosphate limitation; binding to 'CACGTG' motif is regulated by chromatin restriction, competitive binding of Cbf1p to the same DNA binding motif and cooperation with Pho2p; function is regulated by phosphorylation at multiple sites and by phosphate availability",225958,Sequence specific DNA-binding RNA polymerase II transcription factor that activates expression of genes involved in the response to phosphate starvation such as PHO5; relocates to the nucleus during phosphate starvation|uniprot_proteome=UP000002311,225566,+,44,-1,"Non-essential gene; null mutant exhibits reduced acid phosphatase activity in low-inorganic phosphate medium and is resistant to quinine but sensitive to disodium selenite; overexpression causes morphological and cell cycle defects; in large-scale studies, null mutant displays a strong growth defect in low-phosphate medium, slow respiratory growth, and sensitivity to alkaline pH and anoxia",225020,True,True,False,P01E9,E1
237,ATGAAGTTCATAATGCTAAGTCATAATTAA,-0.45,-1.25,-1.05,-1.71,,-1.35,-1.38,-0.98,-0.91,-1.4,-0.54,-1.74,-1.1,-2.03,-1.39,-2.0,-1.87,-1.6,-1.09,0.00016,2.2000000000000002e-16,1.8e-11,0.00028,,0.0005,1.8e-11,7.2e-08,4.4000000000000005e-16,4.5e-07,0.059000000000000004,0.0,0.001,2.7e-07,1.2e-06,1.1000000000000001e-10,0.0037,4.4e-11,7.7e-11,False,True,True,False,False,False,True,True,True,True,False,True,False,True,True,True,False,True,True,12,12,,,0,,chr12,30M,,,,195255,+,44,,,,True,True,False,P01F12,F1
514,GAACTCAGGTTCCATGAGTTCATTATCTTT,-1.94,-1.34,-1.36,-2.43,,-2.22,-0.67,-1.73,-1.0,-0.7,-0.53,-2.42,-2.76,-2.69,-0.69,-0.91,-2.65,-1.07,-3.32,3.7e-12,1.6999999999999998e-12,3.1e-05,0.002,,1.9e-06,0.36,2.7e-13,2.1000000000000002e-10,0.00043,0.0044,6.6e-12,9.199999999999999e-08,7.5e-11,0.09300000000000001,0.021,2.8000000000000003e-05,0.00075,1.6e-09,True,True,True,False,False,True,False,True,True,False,False,True,True,True,False,False,True,False,True,11,10,MME1,YMR166C,0,Transporter of the mitochondrial inner membrane that exports magnesium,chr13,30M,Transporter of the mitochondrial inner membrane that exports magnesium; involved in mitochondrial Mg2+ homeostasis; has similarity to human mitochondrial ATP-Mg/Pi carriers,594473,Magnesium ion exporter of the mitochondrial inner membrane; involved in magnesium ion homeostasis|uniprot_proteome=UP000002311,594451,+,44,-1,None,593367,True,True,False,P01F7,G1
889,TTTATAAATCAATAGAAGAAATTAAGAATA,1.23,0.47,-0.54,-0.1,-0.13,0.11,-0.15,1.48,-0.02,0.01,-0.15,1.22,0.08,1.46,0.02,-0.04,1.18,1.25,-0.18,0.0,1.7e-06,0.038,0.72,0.65,0.69,0.52,1.1999999999999999e-11,0.77,0.92,0.29,0.0,0.43,1e-12,0.86,0.74,0.0,0.0,0.044000000000000004,True,True,False,False,False,False,False,True,False,False,False,True,False,True,False,False,True,True,False,7,6,,,16,,chr05,30M,,,,372099,-,44,,,,True,True,False,P01G9,H1
719,TAATATTGTTTTGCGGAGGCAAGTGATGTG,-9.53,-0.52,-2.11,-7.22,-8.23,-4.8,-20.43,-11.0,-11.41,,-0.06,-10.99,-8.27,-9.22,-10.59,-9.61,,,,0.0,0.19,0.0043,1.3999999999999999e-14,8.5e-15,1.5e-14,0.0,0.0,0.0,,0.87,9.400000000000001e-08,0.0,3e-06,5.599999999999999e-16,1.5e-06,,,,True,False,False,True,True,True,True,True,True,False,False,True,True,True,True,True,False,False,False,12,12,UBP3,YER151C,0,Ubiquitin-specific protease involved in transport and osmotic response,chr05,30M,"Ubiquitin-specific protease involved in transport and osmotic response; negatively regulates Ras/PKA signaling; interacts with Bre5p to coregulate anterograde, retrograde transport between ER and Golgi; involved in transcription elongation in response to osmostress through phosphorylation at Ser695 by Hog1p; inhibitor of gene silencing; role in ribophagy; cleaves ubiquitin fusions but not polyubiquitin; protein abundance increases in response to DNA replication stress",472424,A thiol-dependent ubiquitin-specific protease that is a component of the Ubp3-Bre5 deubiquitination complex; binds mRNA and regulates the osmotic stress response and ER to Golgi vesicle-mediated transport; also involved in ribophagy; localized to the cytoplasm|uniprot_proteome=UP000002311,472172,+,44,-1,"Non-essential gene; null mutants grow slowly, have large cell size, are defective in vacuolar fragmentation, impaired in use of various nitrogen sources, resistant to DNA-damaging agent methyl methanesulfonate, and senstive to heat, anoxia, desiccation, caffeine, metals, butanol, various antibiotics including TOR inhibitor rapamycin, DNA topoisomerase inhibitor camptothecin, DNA synthesis inhibitor hydroxyurea, and protein synthesis inbibitor cycloheximide; ; overexpression enhances pseudohyphal growth in Sigma1278b, slows growth in S288C",469686,True,True,False,P02B4,A2
257,ATTATCAAGTGCCAGAGAATGCCGAAGCTA,-0.29,-1.51,-0.06,0.11,-0.26,-1.22,-0.38,-1.02,-3.61,-1.82,-0.94,-1.04,-1.0,0.0,-2.0,-0.62,-0.62,-0.27,-0.83,0.0095,1.7e-14,0.76,0.69,0.2,9.2e-05,0.0082,9.5e-10,1.3e-15,0.00059,1.7e-08,4.5e-09,9.100000000000001e-11,1.0,3.8e-06,0.012,5.2e-06,0.053,7.9e-09,False,True,False,False,False,True,False,True,True,False,True,True,True,False,True,False,True,False,True,10,9,CPR6,YLR216C,16,Peptidyl-prolyl cis-trans isomerase (cyclophilin),chr12,30M,Peptidyl-prolyl cis-trans isomerase (cyclophilin); catalyzes the cis-trans isomerization of peptide bonds N-terminal to proline residues; plays a role in determining prion variants; binds to Hsp82p and contributes to chaperone activity; protein abundance increases in response to DNA replication stress,573211,None,572679,-,44,-1,None,572096,True,True,False,P02D5,B2
305,CAAGGATCCCCGTAGCAGACGCGCTTCTTA,-3.19,-2.5,-0.76,-2.05,-1.18,-1.29,-4.47,-1.76,-1.35,-1.78,-4.4,-2.44,-3.61,-2.05,-4.69,-6.08,-2.19,-2.31,-1.49,0.0,0.0,0.00021,9.5e-06,1.2e-06,0.00039,0.0,0.0,0.0,5.6000000000000005e-09,3.3e-11,0.0,2.2999999999999998e-11,6.4e-06,6.8000000000000005e-09,1e-09,8.9e-07,0.0,0.0,True,True,False,True,True,False,True,True,True,True,True,True,True,True,True,True,True,True,True,17,16,BUL1,YMR275C,0,Ubiquitin-binding component of the Rsp5p E3-ubiquitin ligase complex,chr13,30M,"Ubiquitin-binding component of the Rsp5p E3-ubiquitin ligase complex; disruption causes temperature-sensitive growth, overexpression causes missorting of amino acid permeases; BUL1 has a paralog, BUL2, that arose from the whole genome duplication",818581,None,818356,+,44,-1,None,815651,True,True,False,P02D6,C2
902,TTTTGCATTTAGGCGGTTCTGGCAAAGTGA,0.19,-2.51,0.0,0.07,-0.37,0.19,-1.29,0.35,0.19,0.32,-1.56,0.15,-1.51,0.51,-1.37,-1.91,0.48,0.05,-0.2,0.044000000000000004,0.0,0.99,0.73,0.16,0.11,1.8e-08,0.015,0.07200000000000001,0.013999999999999999,0.0,0.11,0.0,2.5e-05,6.400000000000001e-10,5.7000000000000005e-06,1.8e-05,0.69,0.071,False,True,False,False,False,False,True,False,False,False,True,False,True,True,True,True,True,False,False,8,7,MPC2,YHR162W,0,Highly conserved subunit of the mitochondrial pyruvate carrier (MPC),chr08,30M,"Highly conserved subunit of the mitochondrial pyruvate carrier (MPC); expressed during growth on fermentable carbon sources, and heterodimerizes with Mpc1p to form the fermentative isoform of MPC; MPC localizes to the mitochondrial inner membrane and mediates pyruvate uptake; MPC2 paralog, MPC3, heterodimerizes with Mpc1p to form the respiratory MPC isoform",423461,Integral membrane protein of the mitochondrial inner membrane with pyruvate transporter activity|uniprot_proteome=UP000002311,423092,+,44,1,None,423072,True,True,False,P02D8,D2
413,CGAATGCCATACAAACAGAAGTGTATGGAA,3.32,1.05,1.49,3.05,0.4,1.55,1.23,4.26,0.48,1.38,0.01,3.6,1.53,3.18,0.15,,2.67,3.79,-0.67,3.6e-11,1.4000000000000001e-05,6.4e-07,4.4e-07,0.1,2e-09,8.5e-06,3.4e-10,0.0051,0.0045,0.97,1.4e-07,0.0068,1.2e-08,0.55,,0.00086,9.1e-08,0.08,True,True,True,True,False,True,True,True,False,False,False,True,False,True,False,False,False,True,False,10,10,SIR4,YDR227W,0,SIR protein involved in assembly of silent chromatin domains,chr04,30M,SIR protein involved in assembly of silent chromatin domains; silent information regulator (SIR) along with SIR2 and SIR3; involved in assembly of silent chromatin domains at telomeres and the silent mating-type loci; some alleles of SIR4 prolong lifespan; required for telomere hypercluster formation in quiescent yeast cells,921647,Subunit of the chromatin silencing complex that binds to double-stranded DNA and nucleosomes; involved in chromatin silencing and tethering telomeres at the nuclear periphery; localizes to the telomeric region of nuclear chromosomes and to nuclear telomeric heterochromatin|uniprot_proteome=UP000002311,918409,+,44,1,"Non-essential gene; null mutant has reduced replicative lifespan, while the gain-of-function mutant has increased lifespan, but the lifespan of the homozygous diploid null is unchanged; reduction-of-function mutant displays decreased silencing at the silent mating type cassettes, HMR and HML, and overexpression decreases silencing at HMR, HML and telomeres; null mutant has decreased filamentous growth and is unable to undergo invasive growth; null mutant has an increased rate of chromosome loss, and both null and overexpressor have decreased telomere length; null mutant does not respond to alpha factor and conditional mutant is sterile, unable to shmoo or arrest the cell cycle in the presence of pheromone and produces very low levels of mating pheromone; conditional mutant has a bipolar budding pattern like diploids",917571,True,True,False,P02F6,E2
640,GTAATCTGACTCTAGTCTTGTTTTCGTCTG,-0.68,-3.46,-8.94,-3.38,-5.26,-6.5,-5.48,-4.67,-6.39,-7.61,,-0.98,,-1.86,-8.16,-6.92,-1.62,1.26,-8.51,4.2e-08,0.0,0.0,0.01,2.5e-10,9.9e-10,3.2e-12,0.0,7.5e-12,4.2e-05,,0.0001,,4.8e-08,0.0,7.6e-12,5.6e-06,0.0,1.1000000000000001e-16,True,True,True,False,True,True,True,True,True,True,False,True,False,True,True,True,True,True,True,16,15,RPL2A,YFR031C-A,0,Ribosomal 60S subunit protein L2A,chr06,30M,"Ribosomal 60S subunit protein L2A; homologous to mammalian ribosomal protein L2 and bacterial L2; RPL2A has a paralog, RPL2B, that arose from the whole genome duplication",221418,Subunit of the cytosolic large ribosomal subunit; involved in translation|uniprot_proteome=UP000002311,220821,+,44,-1,None,220507,True,True,False,P02G1,F2
172,AGTTTATAAAAAATTTAGAATGTATAAATA,-0.62,,-3.25,-1.43,,-3.86,-7.61,-2.29,-2.02,-3.06,-2.87,0.37,-3.36,1.55,-4.82,-4.04,-0.2,2.08,-3.7,0.055999999999999994,,0.0016,0.0023,,0.0029,4.3e-05,6.4e-06,0.071,0.00021,1e-10,0.11,2.7e-11,8.9e-05,7e-14,1.2e-07,0.47,1.1000000000000001e-16,0.00013000000000000002,False,False,False,False,False,False,True,True,False,False,True,False,True,True,True,True,False,True,False,8,8,,,0,,chr12,30M,,,,369653,+,44,,,,True,True,False,P02G4,G2
465,CTCGCTAATACTCCTGTTTTGCTTAAGCTG,0.42,0.35,1.33,1.41,,1.33,0.74,1.3,0.71,0.42,0.44,0.74,1.09,1.05,0.39,,0.44,0.23,,0.024,8e-05,6.700000000000001e-10,0.009,,7.8e-12,0.0087,0.16,1.2e-12,0.099,0.076,1e-06,0.0,0.00016999999999999999,0.0005099999999999999,,0.051,0.11,,False,True,True,False,False,True,False,False,True,False,False,True,True,False,False,False,False,False,False,6,6,RGS2,YOR107W,16,Negative regulator of glucose-induced cAMP signaling,chr15,30M,Negative regulator of glucose-induced cAMP signaling; directly activates the GTPase activity of the heterotrimeric G protein alpha subunit Gpa2p,522282,None,521604,-,44,1,Non-essential gene; null mutation increases mating efficiency and sensitivity to oxidative stress; overexpression leads to decreased mating and increased resistance to oxidative stress,521353,True,True,False,P02H2,H2
870,TTATATTTATTTGCTCTCTAATCGTCACAT,3.3,0.87,1.78,3.69,1.36,1.79,1.54,,0.61,1.75,0.54,3.79,1.62,3.67,0.1,0.56,2.99,3.8,-0.16,3.5e-11,3.6000000000000003e-06,0.0,0.0022,0.0019,1.5e-10,1.5e-13,,2.5e-05,0.0,0.06,4.4e-14,1.2e-05,1.4999999999999999e-05,0.47,0.0012,0.0,3.3e-13,0.74,True,True,True,False,False,True,True,False,True,True,False,True,True,True,False,False,True,True,False,12,11,SIR3,YLR442C,0,Silencing protein,chr12,30M,"Silencing protein; interacts with Sir2p, Sir4p, and histone H3/H4 tails to establish transcriptionally silent chromatin; required for spreading of silenced chromatin; recruited to chromatin through interaction with Rap1p; C-terminus assumes variant winged helix-turn-helix (wH) fold that mediates homodimerization, which is critical for holo-SIR complex loading; required for telomere hypercluster formation in quiescent yeast cells; has paralog ORC1 from whole genome duplication",1022251,Single- and double-stranded DNA binding protein that interacts with nucleosomal histones; subunit of the chromatin silencing complex that negatively regulates chromatin silencing and participates in heterochromatin assembly; involved in telomere tethering at the nuclear periphery and non-stop mRNA decay; localizes to telomeric heterochromatin and the nucleolus|uniprot_proteome=UP000002311,1020124,+,44,-1,"Non-essential gene; null mutant has reduced replicative lifespan and is pheromone-unresponsive; conditional mutant is sterile, unable to shmoo, or arrest the cell cycle in the presence of pheromone and produces very low levels of mating pheromone; conditional mutant has a bipolar budding pattern like diploids; haploinsufficiency in the heterozygous null mutant is associated with elevated chromosomal instability; homozygous diploid null mutant has abnormal meiosis with delayed centromere clustering, bouquet formation, homologue pairing, and meiotic divisions; overexpression results in a decreased growth rate",1019315,True,True,False,P02H6,A3
631,GGTGGAAGTAGCAGTAGCGACCAAGTTCGG,-3.4,-3.47,-11.92,-11.81,,-14.47,-3.14,,-5.32,,-7.63,-15.47,,-6.71,,-8.37,-2.75,0.63,,5.3e-08,0.0038,1.2e-08,2.2000000000000002e-16,,1.8e-11,0.00037,,0.0007700000000000001,,2e-09,9.9e-13,,0.00015,,7.3e-10,0.00021,0.13,,True,False,True,True,False,True,False,False,False,False,True,True,False,False,False,True,False,False,False,7,7,PHO4,YFR034C,0,Basic helix-loop-helix (bHLH) transcription factor of the myc-family,chr06,30M,"Basic helix-loop-helix (bHLH) transcription factor of the myc-family; activates transcription cooperatively with Pho2p in response to phosphate limitation; binding to 'CACGTG' motif is regulated by chromatin restriction, competitive binding of Cbf1p to the same DNA binding motif and cooperation with Pho2p; function is regulated by phosphorylation at multiple sites and by phosphate availability",225958,Sequence specific DNA-binding RNA polymerase II transcription factor that activates expression of genes involved in the response to phosphate starvation such as PHO5; relocates to the nucleus during phosphate starvation|uniprot_proteome=UP000002311,225545,+,44,-1,"Non-essential gene; null mutant exhibits reduced acid phosphatase activity in low-inorganic phosphate medium and is resistant to quinine but sensitive to disodium selenite; overexpression causes morphological and cell cycle defects; in large-scale studies, null mutant displays a strong growth defect in low-phosphate medium, slow respiratory growth, and sensitivity to alkaline pH and anoxia",225020,True,True,False,P03A4,B3
760,TCAAATGATGAGGATGACGTAGTGCAAGTG,-0.33,-2.04,-2.89,-3.03,-2.57,-2.15,-3.54,0.28,-3.19,-3.93,-2.45,-0.33,-5.29,-4.11,-3.17,-3.42,-0.68,-0.6,-2.01,5.7e-07,0.0,1.6e-15,5.7999999999999997e-08,1.1000000000000001e-16,0.0,0.0,0.0008699999999999999,0.0,0.0,0.0,0.0016,0.0,0.0,0.0,0.0,1e-06,1.3000000000000001e-12,0.0,True,True,True,True,True,True,True,False,True,True,True,False,True,True,True,True,True,True,True,17,16,FUN30,YAL019W,0,Snf2p family member with ATP-dependent chromatin remodeling activity,chr01,30M,"Snf2p family member with ATP-dependent chromatin remodeling activity; has a role in silencing at the mating type locus, telomeres and centromeres; enriched at centromeres and is required for correct chromatin structure around centromeres, as well as at the boundary element of the silent HMR; recruited to DNA double-strand breaks (DSBs) where it promotes 5' strand resection of DSBs; potential Cdc28p substrate",118314,"DNA-dependent ATPase that binds chromatin; involved in DNA double-strand break processing and heterochromatin maintenence by chromatin silencing at telomere, silent mating-type cassette, rDNA; localizes to centromeric regions of chromosomes|uniprot_proteome=UP000002311",114934,+,44,1,"Non-essential gene, null mutant shows decreased silencing at telomeres, rDNA and siilent mating loci and also chromosome segregation defects;",114919,True,True,False,P03A6,C3
168,AGTGTTAATCAGACCAATTGGACACTACAC,0.27,-7.71,-0.86,-0.04,-1.0,-2.57,-0.28,-7.22,-3.18,0.24,,-3.05,-0.71,-4.64,-9.84,,-0.71,-0.37,-5.07,0.16,0.0,0.0012,0.89,0.016,5.7e-07,0.34,8.3e-05,0.11,0.19,,0.00095,1e-05,4.9e-08,3e-07,,0.00042,0.16,1.1000000000000001e-16,False,True,False,False,False,True,False,True,False,False,False,False,True,True,True,False,False,False,True,7,7,,,16,,chr13,30M,,,,592732,-,44,,,,True,True,False,P03B4,D3
729,TAGACGGACATCTTCAGTACCCATGTGTAA,1.83,0.8,-5.9,-4.53,3.85,-5.94,-4.4,1.92,-4.55,1.47,-4.47,2.8,-0.37,2.39,,0.07,0.43,2.9,-5.02,8.7e-15,5.0999999999999995e-06,5.8e-07,0.0017,0.0019,0.00039,0.0019,2e-06,0.0,0.0086,0.0018,2.7e-09,0.82,0.0054,,0.87,0.15,8.3e-05,0.0011,True,True,True,False,False,False,False,True,True,False,False,True,False,False,False,False,False,True,False,7,7,RPL31B,YLR406C,0,Ribosomal 60S subunit protein L31B,chr12,30M,"Ribosomal 60S subunit protein L31B; associates with karyopherin Sxm1p; loss of both Rpl31p and Rpl39p confers lethality; homologous to mammalian ribosomal protein L31, no bacterial homolog; RPL31B has a paralog, RPL31A, that arose from the whole genome duplication",931755,Subunit of the cytosolic large ribosomal subunit; involved in translation and regulation of translational fidelity|uniprot_proteome=UP000002311,931254,+,33,-1,None,931065,True,True,False,P03C10,E3
669,GTGTGATTACTAAATTGCTAATTTAATTAT,0.81,-1.23,-4.41,-7.63,-7.71,-7.82,-5.5,-2.68,-7.17,-10.72,-9.13,0.58,-5.88,0.84,-8.09,-5.47,0.8,2.02,-5.85,0.00013000000000000002,4.4000000000000005e-16,3.6e-07,2.7999999999999996e-10,0.0,3.1e-05,1.5e-06,9.5e-11,0.0,1.7e-07,2.6000000000000003e-10,3.9e-08,6.2e-07,2e-09,2e-05,9.6e-13,5.9e-09,4.4e-15,0.0,False,True,True,True,True,True,True,True,True,True,True,True,True,True,True,True,True,True,True,18,17,,,0,,chr09,30M,,,,99489,+,44,,,,True,True,False,P03D2,F3
468,CTCTTGAGAATACTTCTGAGGAAGATGGTG,-5.24,-5.33,,,-4.81,-3.19,-6.77,-8.96,-4.21,,-9.71,-8.45,-13.8,-10.46,-12.24,-20.75,-2.33,-2.47,-11.19,2.6e-15,1.4e-07,,,0.0013,9.2e-05,2.7e-07,2.1e-08,4.5e-11,,0.0,0.0,0.0,0.0,0.0,0.0,0.077,1.6e-12,6e-08,True,True,False,False,False,True,True,True,True,False,True,True,True,True,True,True,False,True,True,14,14,SLX8,YER116C,16,Subunit of Slx5-Slx8 SUMO-targeted ubiquitin ligase (STUbL) complex,chr05,30M,"Subunit of Slx5-Slx8 SUMO-targeted ubiquitin ligase (STUbL) complex; role in proteolysis of spindle positioning protein Kar9, DNA repair proteins Rad52p and Rad57p; stimulated by SUMO-modified substrates; contains a C-terminal RING domain; forms nuclear foci upon DNA replication stress; required for maintenance of genome integrity like human ortholog RNF",396172,Subunit of the Slx5-Slx8 SUMO-targeted ubiquitin ligase (STUbL) complex; contributes to the ubiquitin ligase activity of the complex; involved in the cellular response to DNA damage and telomere maintenance; localizes to the nucleus with a sub-pool at the centromere|uniprot_proteome=UP000002311,395988,-,44,-1,"Non-essential gene; null mutant has a reduced growth rate and competitive fitness; null mutant displays elevated whole chromosome aneuploidy, increased gross chromosomal rearrangements and loss of heterozygosity; null mutant has a metaphase delay, and decreased duration of the G1 phase; null mutant displays spindle defects including: mispositioned spindles, fish hook spindles, and aberrant spindle kinetics; null mutant has abnormal nuclear morphology with some nuclear extensions at the nuclear envelope adjacent to the nucleolus in large-budded cells; null has decreased resistance to DNA synthesis inhibitors, DNA damaging agents and UV radiation; homozygous diploid null has a sporulation defect; overexpression results in inviability",395348,True,True,False,P03D8,G3
167,AGTGTATGATAATATCAAATGGAAATTTGA,-1.2,-1.4,-0.7,-1.07,-0.52,-0.34,-0.51,-1.08,0.59,-0.28,-0.19,-1.14,-0.91,0.2,-0.5,-0.59,-1.01,-0.3,-0.03,9.9e-12,2.2999999999999998e-08,0.00044,2.8999999999999998e-08,0.024,0.046,0.0071,9.9e-14,9.6e-08,0.036000000000000004,0.19,2.3e-12,9.5e-11,0.26,0.034,0.0008,0.0069,0.0064,0.91,True,True,False,True,False,False,False,True,True,False,False,True,True,False,False,False,False,False,False,7,7,,,0,,chr14,30M,,,,56284,+,44,,,,True,True,False,P03E7,H3
258,ATTATCATCGCCATCGTCATTCCTTCCTCT,-6.99,,,-11.05,,-5.6,,,,-7.3,-11.13,,-8.45,-5.79,-7.11,-7.46,-5.36,-4.98,-3.75,3e-08,,,3.2e-13,,0.00057,,,,6.7e-05,6.900000000000001e-08,,1.1e-05,0.00047000000000000004,2.7e-07,5.3e-05,6.1e-06,8.3e-11,0.0032,True,False,False,True,False,False,False,False,False,True,True,False,True,False,True,True,True,True,False,9,8,PIH1,YHR034C,0,Component of the conserved R2TP complex (Rvb1-Rvb2-Tah1-Pih1),chr08,30M,Component of the conserved R2TP complex (Rvb1-Rvb2-Tah1-Pih1); R2TP complex interacts with Hsp90 (Hsp82p and Hsc82p) to mediate assembly large protein complexes such as box C/D snoRNPs and RNA polymerase II,177999,None,177367,+,44,-1,None,176965,True,True,False,P03E9,A4
428,CGTCAAGACCTTCTACTGGGTTTTTTTACG,-3.09,-2.19,-1.74,,-2.77,-2.13,-2.68,,0.98,-1.19,-1.83,-1.93,-1.48,-1.79,-1.85,-3.24,-1.43,-4.9,-3.45,0.0049,0.00035,1.5e-08,,6.5e-09,7.6e-05,1.8e-09,,0.024,0.0086,3.8e-07,0.0086,5.6000000000000005e-09,0.00022999999999999998,4.2999999999999993e-14,5.1000000000000005e-11,0.00011999999999999999,0.0,2.9e-15,False,False,True,False,True,True,True,False,False,False,True,False,True,False,True,True,False,True,True,10,10,UME6,YDR207C,16,Rpd3L histone deacetylase complex subunit,chr04,30M,"Rpd3L histone deacetylase complex subunit; key transcriptional regulator of early meiotic genes; involved in chromatin remodeling and transcriptional repression via DNA looping; binds URS1 upstream regulatory sequence, represses transcription by recruiting conserved histone deacetylase Rpd3p (through co-repressor Sin3p) and chromatin-remodeling factor Isw2p; couples metabolic responses to nutritional cues with initiation and progression of meiosis, forms compl",867522,"Sequence-specific DNA-binding transcription factor involved in chromatin remodeling as it relates to the regulation of pseudohyphal growth, mitosis, meiosis, sporulation, lipid metabolism and nitrogen catabolite repression; component of the Rpd3L histone deacetylase complex|uniprot_proteome=UP000002311",866159,-,44,-1,None,865012,True,True,False,P03G5,B4
73,ACAACCTACCTGCTATCTTGTTCACGGATA,0.02,0.06,0.0,0.12,-0.19,0.23,0.04,0.15,0.07,0.3,0.14,-0.12,-0.19,0.27,0.07,0.07,-0.26,-0.39,0.11,0.85,0.57,0.97,0.56,0.12,0.15,0.7,0.11,0.49,0.02,0.31,0.17,0.096,0.052000000000000005,0.51,0.62,0.077,0.00016,0.32,False,False,False,False,False,False,False,False,False,False,False,False,False,False,False,False,False,False,False,0,0,,,0,,chr14,30M,,,,117184,+,44,,,,True,True,True,P03H8,C4
325,CATCAATGAGGCAGTGTAATTGGTGTAGTC,,1.65,-13.17,-12.31,-12.05,,-17.44,-16.72,-15.84,,-0.18,-20.45,-18.33,-16.64,,-15.4,,,-10.63,,0.0078,0.0,4.4000000000000005e-16,8.8e-09,,0.0,0.0,0.0,,0.66,0.0,1.1000000000000001e-16,0.0,,0.0,,,1.3999999999999999e-14,False,False,True,True,True,False,True,True,True,False,False,True,True,True,False,True,False,False,True,11,11,,,0,,chr15,30M,,,,161115,+,44,,,,True,True,False,P04B12,D4
563,GCAAGAAAGAAACCCAAGTCGCAGTACACT,-0.72,,,-6.32,,,,,-6.95,,-3.26,,-6.61,,-7.01,-7.6,,-9.97,-6.74,0.081,,,2.4e-14,,,,,4.4e-13,,1e-06,,1.2e-14,,0.0,8.7e-14,,7.4e-07,0.0,False,False,False,True,False,False,False,False,True,False,True,False,True,False,True,True,False,True,True,8,8,,,16,,chr11,30M,,,,613929,-,44,,,,True,True,False,P04B2,E4
59,AATGATACCATTTTTATCTGAACTTATGGT,-1.19,-0.63,-0.44,-2.34,-1.93,-1.71,-2.6,-0.94,-1.35,-0.73,-1.27,-0.94,-1.44,,-1.01,,-1.39,-2.18,-0.31,1.7e-07,0.001,0.28,4.1e-06,1.5e-10,0.00022999999999999998,9.9e-14,8.3e-14,1.4000000000000001e-05,0.023,8.900000000000001e-10,0.0047,0.0039,,0.022000000000000002,,0.011000000000000001,0.00031,0.15,True,False,False,True,True,False,True,True,True,False,True,False,False,False,False,False,False,False,False,7,7,VPS38,YLR360W,16,Part of a Vps34p phosphatidylinositol 3-kinase complex,chr12,30M,Part of a Vps34p phosphatidylinositol 3-kinase complex; functions in carboxypeptidase Y (CPY) sorting; binds Vps30p and Vps34p to promote production of phosphatidylinositol 3-phosphate (PtdIns3P) which stimulates kinase activity; required for overflow degradation of misfolded proteins when ERAD is saturated,847422,None,846423,-,44,1,None,846103,True,True,False,P04C8,F4
829,TCTTGGAGGTGAATGGCAAACCTGTGAAAT,0.85,-0.69,0.94,0.47,1.71,1.15,0.71,2.0,-1.26,-0.72,-5.7,1.54,-1.61,2.29,-0.61,-0.74,1.5,2.08,0.22,4.7e-15,3e-11,3.6e-07,0.25,0.0,8.6e-07,4e-05,0.0,0.0,5.2e-06,0.0,3.8e-15,0.0,1.2e-14,0.13,0.0019,2.2000000000000002e-16,0.0,0.055999999999999994,True,True,True,False,True,True,True,True,True,True,True,True,True,True,False,False,True,True,False,15,14,STE24,YJR117W,16,Highly conserved zinc metalloprotease,chr10,30M,"Highly conserved zinc metalloprotease; functions in two steps of a-factor maturation, C-terminal CAAX proteolysis and the first step of N-terminal proteolytic processing; cleaves both isoprenylated and non-prenylated oligopeptides; contains multiple transmembrane spans; human homolog ZMPSTE24 implicated in mandibuloacral dysplasia (MAD), and can complement yeast null mutant",643368,"Metalloendopeptidase involved in the CAAX-box dependent processing and maturation of a-factor mating pheromone; localizes to both the inner nuclear membrane, and integral to the endoplasmic reticulum membrane|uniprot_proteome=UP000002311",642829,-,44,1,"Non-essential gene; null mutant exhibits reduced mating and pheromone, sensitivity to Ni2+, and proliferation of the nuclear inner membrane; in large-scale studies, null mutant shows increased competitive fitness, decreased mating response and anaerobic growth, and abnormal secretion of Kar2p; overexpression in the Sigma1278b genetic background confers enhanced pseudohyphal growth; null mutant displays altered resistance to a variety of chemicals",642007,True,True,False,P04D11,G4
447,CTACTTACAACGGAATTGTTGCTCAAAATC,-1.85,0.91,1.33,1.26,1.22,1.26,0.48,-2.33,0.42,0.74,0.3,-2.54,0.81,-3.27,0.77,1.41,-4.9,-4.52,0.78,8.1e-08,3.2e-06,0.0097,0.011000000000000001,0.00035,0.00031,0.0073,0.0073,0.0018,0.00011999999999999999,0.055999999999999994,4.7999999999999996e-11,7.5e-12,5.7999999999999997e-08,0.0013,0.00036,0.0012,7.8e-14,0.00015,True,True,False,False,False,False,False,False,False,False,False,True,True,True,False,False,False,True,False,6,6,KAP123,YER110C,16,Karyopherin beta,chr05,30M,"Karyopherin beta; mediates nuclear import of ribosomal proteins prior to assembly into ribosomes and import of histones H3 and H4; localizes to the nuclear pore, nucleus, and cytoplasm; exhibits genetic interactions with RAI1",382103,None,378817,-,44,-1,None,378762,True,True,False,P04D2,H4
79,ACAAGTTTTACAGTTTATTAATGACTCTGA,-0.28,-1.35,-2.73,-3.93,-2.86,-3.3,-4.46,0.5,-3.4,-4.21,-3.19,0.01,-5.31,-3.38,-3.2,-3.58,-0.85,-0.42,-1.34,0.053,1.8e-09,2.9e-09,3.7e-08,3.1e-06,9.4e-10,2.7e-13,0.0013,6.600000000000001e-14,8.599999999999999e-10,5.4e-15,0.95,0.0,2.7999999999999996e-10,2.7e-08,1.2e-08,0.017,0.0021,7.1e-06,False,True,True,True,True,True,True,False,True,True,True,False,True,True,True,True,False,False,True,14,14,FUN30,YAL019W,0,Snf2p family member with ATP-dependent chromatin remodeling activity,chr01,30M,"Snf2p family member with ATP-dependent chromatin remodeling activity; has a role in silencing at the mating type locus, telomeres and centromeres; enriched at centromeres and is required for correct chromatin structure around centromeres, as well as at the boundary element of the silent HMR; recruited to DNA double-strand breaks (DSBs) where it promotes 5' strand resection of DSBs; potential Cdc28p substrate",118314,"DNA-dependent ATPase that binds chromatin; involved in DNA double-strand break processing and heterochromatin maintenence by chromatin silencing at telomere, silent mating-type cassette, rDNA; localizes to centromeric regions of chromosomes|uniprot_proteome=UP000002311",115761,+,44,1,"Non-essential gene, null mutant shows decreased silencing at telomeres, rDNA and siilent mating loci and also chromosome segregation defects;",114919,True,True,False,P04D3,A5
91,ACAGGGCAGCTCCCGTAGAGGTTACCATGA,-2.52,-3.04,-3.19,-1.59,-5.07,-5.17,-4.64,-3.74,-4.37,-3.04,-1.04,-3.49,-2.15,-3.06,,-3.41,-2.35,-3.8,-2.77,0.00013000000000000002,7.1e-06,2e-06,0.00063,0.0,3.0999999999999996e-11,2.2e-15,3.6000000000000003e-13,0.0,3.2e-05,0.0096,5.4000000000000005e-05,2.2e-13,0.005,,0.00013000000000000002,0.002,1.1000000000000001e-16,0.0012,True,True,True,False,True,True,True,True,True,True,False,True,True,False,False,False,False,True,False,12,12,TRM9,YML014W,0,tRNA methyltransferase,chr13,30M,"tRNA methyltransferase; catalyzes modification of wobble bases in tRNA anticodons to 2, 5-methoxycarbonylmethyluridine and 5-methoxycarbonylmethyl-2-thiouridine; may act as part of a complex with Trm112p; deletion mutation increases translational infidelity, including amino acid misincorporation and -1 frameshifting, and also confers resistance to zymocin; null mutant displays activation of stress responses",244064,None,243668,+,44,1,None,243225,True,True,False,P04E2,B5
642,GTACAAGAAATTTTGATATTCTTGCTATTG,1.01,0.96,1.34,1.5,1.34,1.02,1.04,0.33,0.6,0.72,0.37,0.92,0.65,0.82,0.25,0.95,0.85,0.54,0.47,7.000000000000001e-06,8.4e-07,0.00035,2.4e-07,9.9e-06,0.021,0.00039,0.42,6.5000000000000004e-06,0.0025,0.018000000000000002,9e-05,0.00013000000000000002,0.0011,0.2,0.00021,5e-09,0.00066,0.12,True,True,False,True,True,False,False,False,True,False,False,True,False,False,False,False,True,False,False,7,6,,,0,,chr15,30M,,,,1013217,+,44,,,,True,True,False,P04E7,C5
749,TATGCCCTTCTTCTGTTTGGGGCGCTTGGA,0.36,-0.08,-0.58,-1.84,-1.86,-1.23,-3.66,0.41,-1.78,-0.18,-0.84,0.78,-1.49,0.29,-0.58,-1.19,-0.48,0.45,-0.9,0.0047,0.46,0.00066,6.399999999999999e-14,8.6e-08,0.027999999999999997,7.4e-11,0.044000000000000004,1.1000000000000001e-16,0.55,8.399999999999999e-09,1.2e-09,9.4e-15,0.25,0.01,1.9e-09,0.0077,0.002,5.3e-10,False,False,False,True,True,False,True,False,True,False,True,True,True,False,False,True,False,False,True,9,9,HOS4,YIL112W,16,Subunit of the Set3 complex,chr09,30M,Subunit of the Set3 complex; complex is a meiotic-specific repressor of sporulation specific genes that contains deacetylase activity; potential Cdc28p substrate,154846,None,152566,-,44,1,None,151595,True,True,False,P04E9,D5
671,GTTAAATCAACAGTTTGTTCCTTACTATTT,-1.12,-7.62,-6.62,-4.13,-3.68,-4.97,-5.24,-1.77,-4.92,-16.65,-5.61,-4.65,-7.41,-8.69,-10.07,-7.43,-10.15,-1.44,-11.37,1.8e-15,0.0,8.7e-14,3.1e-09,2.6e-07,2.9e-10,0.0,2.4e-09,2.4e-07,0.0,4.1e-11,0.0,0.0,0.0,0.0,0.0,0.0,7e-07,0.0,True,True,True,True,True,True,True,True,True,True,True,True,True,True,True,True,True,True,True,19,18,SLX8,YER116C,0,Subunit of Slx5-Slx8 SUMO-targeted ubiquitin ligase (STUbL) complex,chr05,30M,"Subunit of Slx5-Slx8 SUMO-targeted ubiquitin ligase (STUbL) complex; role in proteolysis of spindle positioning protein Kar9, DNA repair proteins Rad52p and Rad57p; stimulated by SUMO-modified substrates; contains a C-terminal RING domain; forms nuclear foci upon DNA replication stress; required for maintenance of genome integrity like human ortholog RNF",396172,Subunit of the Slx5-Slx8 SUMO-targeted ubiquitin ligase (STUbL) complex; contributes to the ubiquitin ligase activity of the complex; involved in the cellular response to DNA damage and telomere maintenance; localizes to the nucleus with a sub-pool at the centromere|uniprot_proteome=UP000002311,395676,+,44,-1,"Non-essential gene; null mutant has a reduced growth rate and competitive fitness; null mutant displays elevated whole chromosome aneuploidy, increased gross chromosomal rearrangements and loss of heterozygosity; null mutant has a metaphase delay, and decreased duration of the G1 phase; null mutant displays spindle defects including: mispositioned spindles, fish hook spindles, and aberrant spindle kinetics; null mutant has abnormal nuclear morphology with some nuclear extensions at the nuclear envelope adjacent to the nucleolus in large-budded cells; null has decreased resistance to DNA synthesis inhibitors, DNA damaging agents and UV radiation; homozygous diploid null has a sporulation defect; overexpression results in inviability",395348,True,True,False,P04G12,E5
232,ATCGTTGGCATTTGGGCCCGTCGAATTAAA,-9.17,,-8.82,-4.62,-8.73,-7.24,,-4.71,-3.14,-2.25,-3.33,-3.55,-4.45,-6.71,,-13.07,7.45,-8.16,,0.0,,0.0,9e-09,0.0,3.1e-14,,0.0,1.2e-13,7e-08,0.0,0.0,0.0,3.8e-15,,7.3e-10,2.4e-05,8.5e-06,,True,False,True,True,True,True,False,True,True,True,True,True,True,True,False,True,True,True,False,15,14,OXA1,YER154W,16,Mitochondrial inner membrane insertase,chr05,30M,"Mitochondrial inner membrane insertase; mediates the insertion of both mitochondrial- and nuclear-encoded proteins from the matrix into the inner membrane; also has a role in insertion of carrier proteins into the inner membrane; acts as a voltage-gated ion channel, activated by substrate peptides; interacts with mitochondrial ribosomes; conserved from bacteria to animals",476228,None,475172,-,44,1,"Non-essential gene; reduction of function causes defects in fermentative and respiratory growth, sensitivity to oxidative and osmotic stresses, decreased endocytosis; overexpression causes slow growth",475020,True,True,False,P04G7,F5
94,ACAGTTGACGGACAGGCAAGAAGACCTTCA,0.25,0.32,0.41,0.33,0.39,0.56,0.39,0.26,0.68,0.48,0.3,0.36,0.28,0.35,0.16,0.54,0.16,0.36,0.47,0.0008699999999999999,1.7e-07,1.3e-06,0.028999999999999998,0.00035,1.8e-09,0.00018,0.028999999999999998,0.0,1.1e-06,0.00037999999999999997,7.900000000000001e-05,0.0019,0.0005,0.039,3.4e-06,0.2,1.6e-07,1.8999999999999998e-08,False,True,True,False,False,True,False,False,True,True,False,True,False,False,False,True,False,True,True,9,9,,,16,,chr14,30M,,,,427664,-,44,,,,True,True,False,P04H7,G5
694,GTTTAGCTTCCGTTGTTGCTAAGCAATTAT,-0.42,-2.07,,-6.19,-6.51,-11.21,,-2.88,-8.73,,,-0.3,-4.01,0.33,-6.58,-7.77,0.24,3.05,-3.78,0.066,4.2000000000000005e-10,,9.7e-08,0.00018999999999999998,5.7999999999999997e-08,,1.2e-08,0.0,,,0.01,0.08,0.05,7.200000000000001e-10,4.8e-10,0.2,2.6e-07,0.0031,False,True,False,True,False,True,False,True,True,False,False,False,False,False,True,True,False,True,False,8,8,RPL16A,YIL133C,16,Ribosomal 60S subunit protein L16A,chr09,30M,"Ribosomal 60S subunit protein L16A; N-terminally acetylated, binds 5.8 S rRNA; transcriptionally regulated by Rap1p; homologous to mammalian ribosomal protein L13A and bacterial L13; RPL16A has a paralog, RPL16B, that arose from the whole genome duplication; protein abundance increases in response to DNA replication stress",99416,RNA-binding subunit of the cytosolic large ribosomal subunit; involved in translation|uniprot_proteome=UP000002311,99074,-,44,-1,None,98527,True,True,False,P05A2,H5
323,CATATGCATTCCTTGTCAGTGCATTTACAA,-4.63,,0.15,-10.13,-5.95,-2.35,-3.6,-2.91,-3.8,,-5.32,-2.73,-5.84,-0.42,,-4.97,,,,6.2e-12,,0.71,5.4e-07,2.8999999999999998e-06,4.7e-06,3.9e-12,6e-09,0.0,,0.00078,2.7e-13,0.0,0.24,,1.9e-13,,,,True,False,False,True,True,True,True,True,True,False,False,True,True,False,False,True,False,False,False,10,10,MAC1,YMR021C,0,Copper-sensing transcription factor,chr13,30M,Copper-sensing transcription factor; involved in regulation of genes required for high affinity copper transport; required for regulation of yeast copper genes in response to DNA-damaging agents; undergoes changes in redox state in response to changing levels of copper or MMS,318418,None,317448,+,44,-1,None,317165,True,True,False,P05B5,A6
858,TTAATTAGAGGTATGCATATAGTTTTTATA,-1.15,0.51,-1.65,-1.73,-1.01,-0.94,-0.13,-2.03,-0.37,-2.82,-0.17,-1.89,-1.37,-1.5,,-2.53,-0.77,-2.06,-2.58,0.0018,0.026000000000000002,3.4e-07,0.0086,0.0029,0.024,0.66,3e-06,0.022000000000000002,0.0057,0.68,3.1999999999999996e-14,2.6e-07,1.4e-06,,1.6e-08,0.0046,0.0012,0.00015,False,False,True,False,False,False,False,True,False,False,False,True,True,True,False,True,False,False,False,6,6,CBS1,YDL069C,0,Mitochondrial translational activator of the COB mRNA,chr04,30M,"Mitochondrial translational activator of the COB mRNA; membrane protein that interacts with translating ribosomes, acts on the COB mRNA 5'-untranslated leader",333810,None,333143,+,44,-1,None,333121,True,True,False,P05D11,B6
132,AGAAGACGACGATGATGATCATATATATAT,0.42,-0.37,-2.02,-3.44,-2.89,-1.45,-1.66,0.28,-1.6,-1.68,-3.1,-0.46,-2.97,-0.09,-2.3,-3.15,0.35,0.73,-4.17,8.400000000000001e-06,2.2e-06,3.8e-15,5.1e-05,0.0,2.4e-13,0.0,0.0038,0.0,0.0,0.0,3.3e-07,0.0,0.41,0.0,0.0,0.034,6.199999999999999e-11,0.0,True,True,True,True,True,True,True,False,True,True,True,True,True,False,True,True,False,True,True,16,16,OCA1,YNL099C,16,Putative protein tyrosine phosphatase,chr14,30M,Putative protein tyrosine phosphatase; required for cell cycle arrest in response to oxidative damage of DNA,439283,None,439176,-,44,-1,None,438567,True,True,False,P05F1,C6
208,ATAGTCGATTAAGATTATTTAGATTGAAAT,-4.41,,-6.36,,-10.29,,-12.97,,,,,-5.05,2.16,-3.57,-8.04,,0.3,-3.51,,1.5e-06,,0.00023999999999999998,,0.0,,9.4e-10,,,,,0.001,0.49,9.2e-06,0.0,,0.28,0.0,,True,False,False,False,True,False,True,False,False,False,False,False,False,True,True,False,False,True,False,6,6,,,0,,chr10,30M,,,,75385,+,44,,,,True,True,False,P05G5,D6
342,CATTTATGGCTATCTGATAAGACTCCATAC,-2.62,-3.18,-0.76,-0.41,-1.59,-1.28,-4.04,-1.91,-0.97,0.32,-2.18,0.15,-2.74,-3.59,-2.44,-3.86,-2.59,-0.68,-0.73,5.3e-10,0.0,0.00018,0.17,1.3e-08,2.7000000000000002e-05,7.200000000000001e-12,3.4e-08,1.6e-07,0.14,0.00016999999999999999,0.43,3.9e-10,4.1e-05,1e-07,2.8e-06,1.4e-06,0.00013000000000000002,3.2e-05,True,True,False,False,True,True,True,True,True,False,False,False,True,True,True,True,True,True,True,14,13,VAM6,YDL077C,0,Guanine nucleotide exchange factor for the GTPase Gtr1p,chr04,30M,"Guanine nucleotide exchange factor for the GTPase Gtr1p; subunit of the HOPS endocytic tethering complex; vacuole membrane protein; functions as a Rab GTPase effector, interacting with both GTP- and GDP-bound conformations of Ypt7p; facilitates tethering and promotes membrane fusion events at the late endosome and vacuole; required for both membrane and protein trafficking; component of vacuole-mitochondrion contacts (vCLAMPs) important for lipid transfer between organelles",320120,"Guanine nucleotide exchange factor for GTPases Gtr1p; subunit of the HOPS endocytic tethering complex; regulates assembly of SNARE complexes, vacuolar membrane fusion, and vacuolar biogenesis; role in vesicle-mediated transport and piecemeal microautophagy of the nucleus; localizes to the vacuolar membrane|uniprot_proteome=UP000002311",317167,+,44,-1,"Non-essential gene; null mutants and overexpressors display abnormal fragmented vacuoles; null mutant has vacuolar protein trafficking and processing defects, is unable to grow on poor nitrogen sources, displays defective micronucleophagy and endocytosis; diploid null is unable to sporulate and is temperature sensitive",316971,True,True,False,P05G6,E6
803,TCGATAGAATTTACTTTAAACCTAAACGAT,0.79,-0.01,0.03,-0.44,0.28,0.21,0.16,0.49,0.31,-0.07,-0.82,1.08,-0.23,1.49,-0.48,-1.04,1.41,0.92,0.34,3.6e-09,0.95,0.82,0.069,0.065,0.21,0.31,0.00028,0.015,0.62,8.5e-08,4e-09,0.034,6.6e-10,0.00036,1e-05,1.9e-05,4.5999999999999996e-11,0.25,True,False,False,False,False,False,False,False,False,False,True,True,False,True,False,True,True,True,False,7,6,SCJ1,YMR214W,0,One of several homologs of bacterial chaperone DnaJ,chr13,30M,One of several homologs of bacterial chaperone DnaJ; located in the ER lumen where it cooperates with Kar2p to mediate maturation of proteins,696483,None,695821,+,44,1,None,695350,True,True,False,P05G8,F6
195,ATAATTTTCATCCACACTTAAATCTATGTT,-0.07,-0.67,-6.68,-3.05,,-4.58,,,-4.17,-1.59,-4.85,0.73,,-1.05,-3.86,-10.73,0.49,0.99,-3.26,0.69,0.0007099999999999999,3.5e-07,0.00042,,1.9e-05,,,1.2e-09,0.0012,7.4e-07,7.2000000000000005e-06,,0.02,3.1e-05,1.6e-07,0.040999999999999995,4.4e-05,0.00037,False,False,True,False,False,True,False,False,True,False,True,True,False,False,True,True,False,True,False,8,8,RPL26B,YGR034W,16,Ribosomal 60S subunit protein L26B,chr07,30M,"Ribosomal 60S subunit protein L26B; binds to 5.8S rRNA; non-essential even when paralog is also deleted; deletion has minimal affections on ribosome biosynthesis; homologous to mammalian ribosomal protein L26 and bacterial L24; RPL26B has a paralog, RPL26A, that arose from the whole genome duplication",556672,RNA-binding subunit of the cytosolic large ribosomal subunit; involved in translation|uniprot_proteome=UP000002311,556242,-,44,1,None,555812,True,True,False,P05H1,G6
348,CCAACACAGGCTTCGTTAATGGAATTCTTT,0.98,0.54,-5.43,-3.2,-1.08,-5.67,-1.65,1.04,-4.17,-1.41,-3.62,1.19,-2.55,1.27,-3.75,-4.36,0.89,0.99,-3.5,3.1e-05,0.096,1.1e-15,6.6e-07,0.018000000000000002,3.3e-16,0.31,7.099999999999999e-05,0.0,0.0019,8.9e-16,1.3e-13,5.2e-14,3.9e-06,4.4e-07,1.1e-09,1.9e-09,5e-08,4.9e-09,True,False,True,True,False,True,False,True,True,False,True,True,True,True,True,True,True,True,True,15,14,NOP16,YER002W,16,Constituent of 66S pre-ribosomal particles,chr05,30M,Constituent of 66S pre-ribosomal particles; involved in 60S ribosomal subunit biogenesis,157498,None,157055,-,44,1,None,156803,True,True,False,P06B1,H6
757,TCAAAACGGAGTGTTTACAGCTATCTGTCC,-0.03,0.27,0.01,-0.12,0.42,-0.12,0.09,0.1,0.2,0.25,0.02,0.12,0.1,0.27,0.07,0.2,0.16,0.17,0.18,0.79,0.0027,0.92,0.7,0.11,0.4,0.37,0.46,0.045,0.13,0.82,0.2,0.4,0.048,0.58,0.22,0.36,0.15,0.066,False,False,False,False,False,False,False,False,False,False,False,False,False,False,False,False,False,False,False,0,0,,,0,,chr04,30M,,,,1125096,+,44,,,,True,True,True,P06C11,A7
351,CCAAGACCGTGTAAATAAAGCATCCCGCGG,-1.77,-2.27,-0.3,-0.27,0.04,0.84,-0.8,-1.91,0.15,-1.34,-1.42,-2.78,0.2,-1.2,-2.42,-8.13,-1.16,-0.82,-2.85,3.1999999999999996e-14,0.0,0.07200000000000001,0.35,0.85,0.00011999999999999999,1.2e-05,2.1e-12,0.17,0.00041,8.599999999999999e-10,0.0005200000000000001,0.61,0.11,2.3e-09,1.9e-05,0.0001,7.2e-05,4.0999999999999993e-10,True,True,False,False,False,True,True,True,False,False,True,False,False,False,True,True,True,True,True,11,10,MCK1,YNL307C,0,Dual-specificity ser/thr and tyrosine protein kinase,chr14,30M,"Dual-specificity ser/thr and tyrosine protein kinase; roles in chromosome segregation, meiotic entry, genome stability, phosphorylation-dependent protein degradation (Rcn1p and Cdc6p), inhibition of protein kinase A, transcriptional regulation, inhibition of RNA pol III, calcium stress and inhibition of Clb2p-Cdc28p after nuclear division; MCK1 has a paralog, YGK3, that arose from the whole genome duplication",57573,"Protein serine/threonine/tyrosine kinase involved in protein phosphorylation and breakdown; cyclin-binding protein; implicated in double-strand break repair via nonhomologous end joining, meiotic nuclear division, and mitotic chromosome segregation; involved in in ascospore formation and the cellular response to heat and salt stress|uniprot_proteome=UP000002311",57098,+,44,-1,None,56446,True,True,False,P06D12,B7
151,AGATTCATCCCATGGACATGGAGCGTCCCA,-5.49,-5.22,-1.35,-4.58,-6.42,-7.85,-8.42,-6.11,-6.14,,-6.7,-5.71,-4.54,-4.49,-5.55,-5.57,-0.57,,-2.12,0.0,0.0,0.018000000000000002,9.2e-06,3e-13,2.9999999999999997e-05,0.0,9.9e-06,0.0,,0.0,8.4e-13,4.5e-09,1.7e-11,0.00061,0.0,0.15,,9.2e-06,True,True,False,True,True,True,True,True,True,False,True,True,True,True,False,True,False,False,True,14,14,"ADE5,7",YGL234W,16,Enzyme of the 'de novo' purine nucleotide biosynthetic pathway,chr07,30M,Enzyme of the 'de novo' purine nucleotide biosynthetic pathway; contains aminoimidazole ribotide synthetase and glycinamide ribotide synthetase activities,58890,Putative phosphoribosylamine-glycine ligase and phosphoribosylformylglycinamidine cyclo-ligase likely to be involved in purine nucleobase metabolic process; localized to the cytoplasm|uniprot_proteome=UP000002311,58476,-,44,1,"Non-essential gene; null mutant displays adenine auxotrophy; in large-scale studies null mutant shows decreased competitive fitness, shortened chronological lifespan and lower innate thermotolerance",56482,True,True,False,P06D4,C7
777,TCAGAGCATTGGCCTCAATTGCTATCTATC,2.73,2.32,4.66,5.71,4.9,5.46,1.64,1.3,0.25,0.16,0.4,3.57,2.63,3.35,0.72,,2.71,-0.07,1.23,2.0999999999999998e-09,1.5e-10,7.599999999999999e-08,5.6999999999999996e-05,4.1999999999999996e-09,0.00036,0.017,8.2e-05,0.33,0.57,0.16,8.2e-13,5.5999999999999996e-12,5.6e-07,0.08,,1.2e-09,0.78,4.2e-07,True,True,True,True,True,False,False,True,False,False,False,True,True,True,False,False,True,False,True,11,10,PDE2,YOR360C,16,High-affinity cyclic AMP phosphodiesterase,chr15,30M,"High-affinity cyclic AMP phosphodiesterase; component of the cAMP-dependent protein kinase signaling system, protects the cell from extracellular cAMP, contains readthrough motif surrounding termination codon",1014821,None,1013792,-,44,-1,"Non-essential gene; null mutant has higher levels of cAMP and shows pleiotropic defects, including increased cell size, sensitivity to osmotic and oxidative stresses, cell wall defects, and inability to survive loss of mitochonrial genome (petite-negative phenotype); in Sigma1278b null mutation prevents invasive growth; overexpression causes slow growth and abnormal budding",1013241,True,True,False,P06D9,D7
341,CATTGTCGGACGCTTCAAGTGGCAGCAACG,,-4.23,-6.46,,,-10.64,0.42,-1.97,-3.29,-2.29,-2.44,-2.59,,,,-3.74,-3.08,-1.03,,,0.0022,0.0,,,1.9e-07,0.3,6.900000000000001e-12,1e-07,2.9e-09,2.1e-15,2.2e-06,,,,5e-10,6.7e-06,5.4e-09,,False,False,True,False,False,True,False,True,True,True,True,True,False,False,False,True,True,True,False,10,9,GPA2,YER020W,0,Nucleotide binding alpha subunit of the heterotrimeric G protein,chr05,30M,"Nucleotide binding alpha subunit of the heterotrimeric G protein; interacts with the receptor Gpr1p, has signaling role in response to nutrients; required for the recruitment of Ras-GTP at the plasma membrane and in the nucleus",196517,None,195499,+,44,1,None,195168,True,True,False,P06H1,E7
309,CAATCTTGAATTGATATTAATATAGCTACA,1.8,1.03,-5.0,-3.79,-5.14,-5.84,-3.76,1.72,-5.02,-3.0,-4.77,2.59,-3.26,1.95,-4.44,-4.01,1.74,1.71,-4.03,0.0,0.0,0.0,5.5e-07,1.5999999999999998e-14,3.3e-16,0.0,0.0,0.0,3.5e-09,0.0,0.0,3.4e-15,4.2e-08,5.599999999999999e-16,1.5e-14,2.3e-14,0.0,0.0,True,True,True,True,True,True,True,True,True,True,True,True,True,True,True,True,True,True,True,19,18,RPL31B,YLR406C,16,Ribosomal 60S subunit protein L31B,chr12,30M,"Ribosomal 60S subunit protein L31B; associates with karyopherin Sxm1p; loss of both Rpl31p and Rpl39p confers lethality; homologous to mammalian ribosomal protein L31, no bacterial homolog; RPL31B has a paralog, RPL31A, that arose from the whole genome duplication",931755,Subunit of the cytosolic large ribosomal subunit; involved in translation and regulation of translational fidelity|uniprot_proteome=UP000002311,931374,-,44,-1,None,931065,True,True,False,P06H12,F7
200,ATAGAGCGGCGTTGATTTTCAAAGATAAAG,-3.26,-4.04,-2.41,-2.88,-2.06,-0.18,-6.86,-6.43,-9.02,-3.53,-3.68,-2.28,-4.17,-2.3,-2.78,-2.84,-1.66,-5.04,-7.89,0.0,0.0,0.00037,0.0055,2.2e-12,0.32,0.0,0.0,0.0,6.7e-16,1.3000000000000001e-12,1.3000000000000001e-12,3.7000000000000006e-14,0.00015,1.2e-10,0.0057,1.3e-09,1e-09,0.0,True,True,False,False,True,False,True,True,True,True,True,True,True,False,True,False,True,True,True,14,13,GPP1,YIL053W,16,Constitutively expressed DL-glycerol-3-phosphate phosphatase,chr09,30M,"Constitutively expressed DL-glycerol-3-phosphate phosphatase; also known as glycerol-1-phosphatase; involved in glycerol biosynthesis, induced in response to both anaerobic and osmotic stress; GPP1 has a paralog, GPP2, that arose from the whole genome duplication",255867,Glycerol-1-phosphatase involved in the biosynthesis of glycerol and the response to osmotic stress; localizes to the cytoplasm|uniprot_proteome=UP000002311,255163,-,44,1,None,255115,True,True,False,P07A11,G7
487,CTTGATCAATCAAAAAGGGTGATTTTGCTG,1.08,0.03,-2.07,0.27,-0.99,0.44,-0.59,4.22,-1.28,-1.51,-0.5,-1.74,-0.82,-0.38,-0.48,-0.04,-0.29,-1.52,-0.73,0.012,0.79,0.003,0.5,0.0042,0.28,0.015,0.0014,6.7e-11,1.7e-06,0.0066,1e-06,0.00042,0.35,6.6e-05,0.85,0.16,0.0,5.4e-07,False,False,False,False,False,False,False,False,True,True,False,True,False,False,True,False,False,True,True,6,6,PPM1,YDR435C,0,Carboxyl methyltransferase,chr04,30M,"Carboxyl methyltransferase; methylates the C terminus of the protein phosphatase 2A catalytic subunit (Pph21p or Pph22p), which is important for complex formation with regulatory subunits; required for methionine to inhibit autophagy and promote growth",1333969,None,1333471,+,44,-1,None,1332983,True,True,False,P07C5,H7
455,CTATGCATTTACTCAATCAGCTTGGTTTGC,-2.2,-6.3,-2.46,,-3.92,,-16.58,-0.29,-1.64,-4.23,-3.49,-0.36,0.59,-0.68,,-4.74,-1.49,-1.57,,2.4e-14,2.2e-06,2.5e-06,,1.2e-06,,0.0,0.15,0.00091,5.9e-05,1e-07,0.23,0.15,0.0053,,6.2e-06,2.5e-05,1.2e-05,,True,True,True,False,True,False,True,False,False,True,True,False,False,False,False,True,True,True,False,10,9,GET2,YER083C,16,Subunit of the GET complex,chr05,30M,Subunit of the GET complex; involved in insertion of proteins into the ER membrane; required for the retrieval of HDEL proteins from the Golgi to the ER in an ERD2 dependent fashion and for meiotic nuclear division,327031,None,326495,-,44,-1,"Non-essential gene; null mutant shows defects in protein retention in ER and is sensitive to elevated temperatures, shows abnormal mitochondrial morphology, defective respiratory growth, sensitivity to antifungal drugs, cell wall-affecting drugs, oxidative stress; homozygous diploid is unable to sporulate",326174,True,True,False,P07D11,A8
599,GCTGCGGAGCCTCAGGGACCAAATCAGAGA,-6.72,-10.19,-13.85,,-12.14,-12.27,-17.07,-7.37,-6.73,,-7.39,-2.74,,-9.64,,,,-6.68,,0.0,2.6000000000000003e-10,0.0,,0.0,0.0,0.0,0.0,5.9e-09,,8.6e-11,0.006,,0.0,,,,0.0,,True,True,True,False,True,True,True,True,True,False,True,False,False,True,False,False,False,True,False,11,11,HFI1,YPL254W,0,Adaptor protein required for structural integrity of the SAGA complex,chr16,1S29M,Adaptor protein required for structural integrity of the SAGA complex; a histone acetyltransferase-coactivator complex that is involved in global regulation of gene expression through acetylation and transcription functions,70951,None,69636,+,44,1,None,69485,True,True,False,P07E5,B8
103,ACCACCGGTCCTGCCTAAATCTTTACTCGG,-1.07,-0.64,0.31,-0.04,0.23,0.19,0.26,-2.17,-0.31,-0.26,0.18,-1.64,-0.05,-1.9,0.3,0.39,-1.71,-0.89,0.46,1.4e-06,7.4e-05,0.054000000000000006,0.88,0.2,0.52,0.11,4.4000000000000005e-16,0.015,0.036000000000000004,0.091,3.3e-15,0.7,1.3999999999999998e-10,0.06,0.17,3.1e-06,4.9e-07,0.0026,True,True,False,False,False,False,False,True,False,False,False,True,False,True,False,False,True,True,False,7,6,,,16,,chr07,30M,,,,661953,-,44,,,,True,True,False,P07F11,C8
679,GTTCAGCTTTGATCGTACTTTGGATGCATT,-3.08,-2.71,-2.2,-3.37,-3.32,-2.24,-4.26,-4.05,-2.53,-1.46,-1.69,-1.88,-2.13,-2.05,-1.81,,-1.15,0.58,-1.83,0.0,0.0,1.1000000000000001e-16,6.199999999999999e-11,8.3e-05,3.7e-15,0.0,3.8e-11,1.2e-05,8.2e-05,0.0093,0.0,1.3e-06,0.00018,0.0,,4.8e-07,0.17,1.3000000000000001e-05,True,True,True,True,True,True,True,True,True,False,False,True,True,False,True,False,True,False,True,14,13,VPS36,YLR417W,16,Component of the ESCRT-II complex,chr12,30M,Component of the ESCRT-II complex; contains the GLUE (GRAM Like Ubiquitin binding in EAP45) domain which is involved in interactions with ESCRT-I and ubiquitin-dependent sorting of proteins into the endosome; plays a role in the formation of mutant huntingtin (Htt) aggregates in yeast,956710,None,955654,-,44,1,None,955010,True,True,False,P07G12,D8
844,TGGAGTCTTTGTTGAGGTATTGGATATGGT,,-3.51,-5.84,,-7.79,-3.91,-7.95,-2.99,-4.93,-5.7,-5.26,-2.45,-6.38,-2.29,-6.71,-6.01,-1.57,0.74,-4.95,,0.0,0.00044,,6.799999999999999e-12,2e-07,9.3e-06,0.00045999999999999996,0.0,0.0005099999999999999,2.8e-06,0.00013000000000000002,1.1e-13,0.0074,1e-10,0.00036,0.00029,0.33,0.0,False,True,False,False,True,True,True,False,True,False,True,True,True,False,True,False,False,False,True,10,10,NOT3,YIL038C,0,"Component of the CCR4-NOT core complex, involved in mRNA decapping",chr09,30M,"Component of the CCR4-NOT core complex, involved in mRNA decapping; involved in transcription initiation and elongation and in mRNA degradation; conserved lysine in human homolog of Not3p and Not5p is mutated in cancers",282652,None,281357,+,44,-1,None,280142,True,True,False,P07G4,E8
712,TAACCTCGCGCTGAGCTTTACAGGTGCGTT,-0.58,-0.51,1.03,-2.05,0.58,-2.01,0.04,-1.92,-3.12,-2.18,-3.04,,-3.68,-4.85,-6.08,-0.31,-2.15,-0.68,-0.26,1.1000000000000001e-08,9.6e-07,0.027999999999999997,0.0082,0.16,2.6e-06,0.81,1.1000000000000001e-16,0.0007599999999999999,1.7e-06,0.0009,,3.3000000000000005e-14,0.0012,1.3e-13,0.45,3.2e-15,0.00016999999999999999,0.07200000000000001,True,True,False,False,False,True,False,True,False,True,False,False,True,False,True,False,True,False,False,8,7,,,16,,chr08,30M,,,,190430,-,44,,,,True,True,False,P07H8,F8
498,CTTTCTTGTGTATTTCTTTTATCCATGTAT,-3.9,-8.07,-8.65,,-8.91,-7.11,-8.73,-7.88,,-9.33,,-5.85,-7.41,-4.98,-6.81,-12.57,-1.11,-2.45,-10.41,0.0,0.0,1.5e-10,,0.0,1.3999999999999999e-12,0.0,4.2e-11,,0.0,,0.0,0.0,0.0,0.0,0.0,0.0021,3.3e-11,0.0,True,True,True,False,True,True,True,True,False,True,False,True,True,True,True,True,False,True,True,15,15,BRR1,YPR057W,16,snRNP protein component of spliceosomal snRNPs,chr16,30M,snRNP protein component of spliceosomal snRNPs; required for pre-mRNA splicing and snRNP biogenesis; in null mutant newly-synthesized snRNAs are destabilized and 3'-end processing is slowed,673496,None,673212,-,44,1,None,672471,True,True,False,P08A9,G8
759,TCAAAGCATGAAAAAATGAATGCGCATTTC,-2.88,-0.38,-1.91,-4.65,-7.98,-2.09,-1.65,-5.08,-2.54,,-11.36,-0.76,-8.56,-2.96,,-14.41,-0.04,-1.85,,0.0,4.1e-05,1.3000000000000001e-12,3.7e-12,3.1e-09,7e-14,0.0,0.0,0.0,,4.2e-08,1e-09,1e-13,1.7e-13,,2.1e-11,0.75,5.599999999999999e-16,,True,True,True,True,True,True,True,True,True,False,True,True,True,True,False,True,False,True,False,15,15,SUM1,YDR310C,16,Transcriptional repressor that regulates middle-sporulation genes,chr04,30M,"Transcriptional repressor that regulates middle-sporulation genes; required for mitotic repression of middle sporulation-specific genes; also acts as general replication initiation factor; involved in telomere maintenance, chromatin silencing; regulated by pachytene checkpoint",1084316,None,1081712,-,44,-1,None,1081128,True,True,False,P08B11,H8
450,CTAGTTGTATAGCCATTATAGATTATAATA,,,-7.71,0.75,-10.95,-7.39,-14.4,,0.52,-7.05,,-0.19,,,-8.39,-11.36,7.22,,1.16,,,0.0,0.069,0.0,1.3e-08,0.0,,0.2,9.499999999999999e-05,,0.64,,,0.0,2.1e-15,3.4e-05,,0.013000000000000001,False,False,True,False,True,True,True,False,False,False,False,False,False,False,True,True,True,False,False,7,6,RRP46,YGR095C,16,Exosome non-catalytic core component,chr07,30M,Exosome non-catalytic core component; involved in 3'-5' RNA processing and degradation in both the nucleus and the cytoplasm; has similarity to E. coli RNase PH and to human hRrp46p (EXOSC5),676342,None,675682,-,44,-1,None,675671,True,True,False,P08C1,A9
762,TCAACAACCTATGCAGCAAGATGTGGGGAA,0.94,0.65,-0.22,-0.87,-0.86,-0.36,0.27,0.38,-0.03,-1.05,-0.51,1.15,-0.8,0.78,0.04,-0.23,0.91,0.8,-0.34,1.7e-05,6.4e-06,0.25,0.040999999999999995,0.033,0.13,0.19,0.19,0.75,2.1e-07,4e-06,2.2000000000000002e-16,2.8e-06,0.0002,0.92,0.15,1.8e-05,8.599999999999999e-10,0.0018,True,True,False,False,False,False,False,False,False,True,True,True,True,False,False,False,True,True,False,8,7,EBS1,YDR206W,0,Protein involved in translation inhibition and nonsense-mediated decay,chr04,30M,"Protein involved in translation inhibition and nonsense-mediated decay; interacts with cap binding protein Cdc33p and with Nam7p; localizes to P-bodies upon glucose starvation; mRNA abundance regulated by mRNA decay factors; EBS1 has a paralog, EST1, that arose from the whole genome duplication",864708,None,864603,+,44,1,None,862054,True,True,False,P08D2,B9
656,GTCACCGGCACTAACCTTCGGAACTGATAG,3.45,0.44,1.39,2.9,0.79,1.5,0.9,4.72,0.56,,-0.86,3.26,0.72,3.09,-0.4,0.25,2.83,3.98,-1.09,1.9e-09,0.059000000000000004,1.4000000000000001e-05,3.4e-05,0.0015,3.7e-07,8e-06,2.6000000000000002e-05,0.0019,,0.042,2.8000000000000003e-05,0.013999999999999999,9.7e-07,0.09,0.39,4.7e-06,0.0,0.0014,True,False,True,True,False,True,True,True,False,False,False,True,False,True,False,False,True,True,False,10,9,SIR4,YDR227W,16,SIR protein involved in assembly of silent chromatin domains,chr04,30M,SIR protein involved in assembly of silent chromatin domains; silent information regulator (SIR) along with SIR2 and SIR3; involved in assembly of silent chromatin domains at telomeres and the silent mating-type loci; some alleles of SIR4 prolong lifespan; required for telomere hypercluster formation in quiescent yeast cells,921647,Subunit of the chromatin silencing complex that binds to double-stranded DNA and nucleosomes; involved in chromatin silencing and tethering telomeres at the nuclear periphery; localizes to the telomeric region of nuclear chromosomes and to nuclear telomeric heterochromatin|uniprot_proteome=UP000002311,918356,-,44,1,"Non-essential gene; null mutant has reduced replicative lifespan, while the gain-of-function mutant has increased lifespan, but the lifespan of the homozygous diploid null is unchanged; reduction-of-function mutant displays decreased silencing at the silent mating type cassettes, HMR and HML, and overexpression decreases silencing at HMR, HML and telomeres; null mutant has decreased filamentous growth and is unable to undergo invasive growth; null mutant has an increased rate of chromosome loss, and both null and overexpressor have decreased telomere length; null mutant does not respond to alpha factor and conditional mutant is sterile, unable to shmoo or arrest the cell cycle in the presence of pheromone and produces very low levels of mating pheromone; conditional mutant has a bipolar budding pattern like diploids",917571,True,True,False,P08F9,C9
363,CCAGGATGTACCGCCTTTAGATATCTTAAA,-0.76,0.37,0.18,-0.04,1.19,1.86,-0.72,-0.55,0.73,-0.15,0.02,0.48,-0.53,-0.84,-0.17,0.37,-0.24,-0.84,0.33,4.2000000000000004e-14,0.00016999999999999999,0.13,0.82,1.3000000000000001e-12,3.4000000000000003e-09,3.8e-12,1.1e-05,0.0,0.24,0.84,2.5e-08,3.2e-08,6.4e-11,0.18,0.22,0.06,8.3e-11,0.00047999999999999996,True,False,False,False,True,True,True,True,True,False,False,True,True,True,False,False,False,True,False,10,10,SSK1,YLR006C,16,Cytoplasmic phosphorelay intermediate osmosensor and regulator,chr12,30M,Cytoplasmic phosphorelay intermediate osmosensor and regulator; part of a two-component signal transducer that mediates osmosensing via a phosphorelay mechanism; required for mitophagy; dephosphorylated form is degraded by the ubiquitin-proteasome system; potential Cdc28p substrate,163893,None,163045,-,44,-1,None,161755,True,True,False,P08H10,D9
242,ATGGCGATGGTCTTGTCTGCGTTCCACTTT,-0.79,0.19,-0.48,-0.22,-1.78,-2.49,0.5,-0.1,0.66,-0.66,-0.07,-1.11,-2.24,-2.56,0.79,0.19,0.32,0.31,0.11,1.6999999999999998e-12,0.031,0.00014,0.33,0.0059,3.2000000000000003e-10,0.00066,0.73,7.8e-06,2.7000000000000002e-05,0.43,4.4e-07,2.4e-08,1.9e-07,0.26,0.41,0.1,0.049,0.58,True,False,False,False,False,True,False,False,True,True,False,True,True,True,False,False,False,False,False,7,7,CSR1,YLR380W,16,Phosphatidylinositol transfer protein,chr12,30M,Phosphatidylinositol transfer protein; has a potential role in regulating lipid and fatty acid metabolism under heme-depleted conditions; interacts specifically with thioredoxin peroxidase; may have a role in oxidative stress resistance; protein abundance increases in response to DNA replication stress,879508,None,878667,-,44,1,None,878282,True,True,False,P09C3,E9
381,CCGTTAGTATCGCTATGCATTCTATTATTT,-4.9,-8.48,-10.68,-7.19,-6.78,,-7.52,-2.16,,,-4.86,-5.68,-10.71,-12.16,-14.94,,-0.54,-1.52,-7.36,0.0,0.0,0.0,1e-08,2.9e-13,,5e-14,0.00075,,,0.0012,9.5e-08,1.7e-07,6.7000000000000004e-09,0.0,,0.19,2e-08,5.2e-06,True,True,True,True,True,False,True,False,False,False,False,True,True,True,True,False,False,True,True,12,12,SLX5,YDL013W,16,Subunit of the Slx5-Slx8 SUMO-targeted Ub ligase (STUbL) complex,chr04,30M,"Subunit of the Slx5-Slx8 SUMO-targeted Ub ligase (STUbL) complex; role in Ub-mediated degradation of histone variant Cse4p preventing mislocalization to euchromatin; role in proteolysis of spindle positioning protein Kar9p, and DNA repair proteins Rad52p and Rad57p; forms SUMO-dependent nuclear foci, including DNA repair centers; contains a RING domain and two SIM motifs; associates with the centromere; required for maintenance of genome integrity like human ortholog RNF4",430926,Subunit of the Slx5-Slx8 SUMO-targeted ubiquitin ligase (STUbL) complex; SUMO-binding protein that contributes to the ubiquitin ligase activity of the complex; involved in the cellular response to DNA damage and telomere maintenance; localizes to the nucleus with a sub-pool at the kinetochore|uniprot_proteome=UP000002311,429086,-,44,1,"Non-essential gene; null mutant has a reduced growth rate and competitive fitness; null mutant displays elevated whole chromosome aneuploidy, increased gross chromosomal rearrangements and loss of heterozygosity; null mutant has a metaphase delay, and decreased duration of the G1 phase; null mutant displays spindle defects including: mispositioned spindles, fish hook spindles, and aberrant spindle kinetics; null mutant has abnormal nuclear morphology with some nuclear extensions at the nuclear envelope adjacent to the nucleolus in large-budded cells; null has decreased resistance to DNA synthesis inhibitors, DNA damaging agents and UV radiation; homozygous diploid null has a sporulation defect; overexpression results in inviability",429067,True,True,False,P09C4,F9
784,TCATAGGTATCTCGCCACGCAAGACCATCA,-7.19,-9.74,-0.68,-4.49,-1.5,-1.06,,-0.92,-1.8,-1.37,-2.82,-1.18,-3.75,-0.53,,-3.25,-1.48,-1.9,-2.67,0.0,4.6e-13,1.9e-06,8.9e-16,6.4e-08,1.3e-06,,5.9e-07,0.0,8.8e-13,2.2e-12,3.6000000000000004e-12,1.1000000000000001e-16,1.3000000000000001e-05,,1.5e-13,5.7000000000000003e-11,1.1e-15,2.3e-13,True,True,True,True,True,True,False,True,True,True,True,True,True,True,False,True,True,True,True,17,16,TRP2,YER090W,0,Anthranilate synthase,chr05,30M,"Anthranilate synthase; catalyzes the initial step of tryptophan biosynthesis, forms multifunctional hetero-oligomeric anthranilate synthase:indole-3-glycerol phosphate synthase enzyme complex with Trp3p",339472,Anthranilate synthase involved in tryptophan biosynthesis; catalyzes the the conversion of chorismate to anthranilate; subunit of the anthranilate synthase complex|uniprot_proteome=UP000002311,338178,+,44,1,"Non-essential gene; null mutation causes tryptophan auxotrophy and increased resistance to toxic analog 5-fluoroanthranilic acid; in systematic studies null mutant shows reduced growth rate and competitive fitness, and sensitivity to alkaline pH, oxidative stress and multiple chemicals, including azole drugs and MMS",337949,True,True,False,P09C8,G9
438,CTAAGCAGTCTTCTCAAACCAGTGGTGCTG,-4.81,,,,3.96,,-7.93,-1.85,-3.0,-5.03,-4.58,-3.12,4.61,-4.47,,0.29,-0.91,-2.26,-5.55,7.8e-10,,,,0.0017,,0.0,1.1e-07,4.9000000000000005e-06,3.9e-05,8.600000000000001e-13,8.3e-09,0.0009199999999999999,2.8999999999999997e-05,,0.48,0.00016999999999999999,9.7e-12,6.900000000000001e-06,True,False,False,False,False,False,True,True,True,True,True,True,False,True,False,False,False,True,True,10,10,LAT1,YNL071W,0,Dihydrolipoamide acetyltransferase component (E2) of the PDC,chr14,30M,Dihydrolipoamide acetyltransferase component (E2) of the PDC; the pyruvate dehydrogenase complex (PDC) catalyzes the oxidative decarboxylation of pyruvate to acetyl-CoA,492971,None,492169,+,44,1,None,491523,True,True,False,P09D1,H9
592,GCTAATTTCAAGAATGACCGCAAGCGCAGA,-3.63,-2.58,-2.64,-4.89,-4.63,-3.21,-2.81,-3.56,-3.4,,-2.01,,-6.33,-2.17,-5.21,-2.23,-1.42,-2.6,-2.29,4.8e-06,2.6000000000000003e-10,1.1000000000000001e-16,0.0012,0.0015,1.9e-06,2.8e-13,5.4e-08,3.4e-14,,0.0083,,2.8e-07,0.0078,2.7e-11,0.0076,1.9e-05,2.8e-06,0.0074,True,True,True,False,False,True,True,True,True,False,False,False,True,False,True,False,True,True,False,11,10,RTG1,YOL067C,16,Transcription factor (bHLH) involved in interorganelle communication,chr15,30M,"Transcription factor (bHLH) involved in interorganelle communication; contributes to communication between mitochondria, peroxisomes, and nucleus; target of Hog1p; activated in stochastic pulses of nuclear localization",202518,Sequence-specific DNA binding RNA polymerase II transcription factor involved in mitochondria-nucleus signal transduction and the cellular response to oleate; localizes to the nucleus and cytoplasm|uniprot_proteome=UP000002311,202476,-,44,-1,None,201985,True,True,False,P09F5,A10
636,GGTTGCCCAGAAGTAAGTTTACCCACTTAG,1.44,0.43,-0.87,0.32,-0.03,-0.7,0.92,1.43,-0.22,0.23,-0.05,0.89,-0.07,0.99,-0.4,-0.56,0.82,0.74,-0.52,1.1e-12,6.7e-05,0.0015,0.26,0.78,4.7e-07,0.00093,3.9e-10,0.0085,0.27,0.72,5.9e-11,0.73,0.0,0.003,7.5e-05,6.2e-08,1.8e-08,0.0014,True,True,False,False,False,True,False,True,False,False,False,True,False,True,False,True,True,True,False,9,8,UBP1,YDL122W,0,Ubiquitin-specific protease,chr04,30M,Ubiquitin-specific protease; removes ubiquitin from ubiquitinated proteins; cleaves at the C terminus of ubiquitin fusions irrespective of their size; capable of cleaving polyubiquitin chains,244981,A ubiquitin-specific protease that is dependent on thiol; localizes to both the cytoplasm and endoplasmic reticulum|uniprot_proteome=UP000002311,242790,+,44,1,None,242552,True,True,False,P10A8,B10
3,AAAACATTATCAAAGGCAATAATGGTATCA,-7.51,-14.75,-0.96,-4.46,-1.31,-0.9,,-0.7,-2.16,-1.13,-2.88,-0.76,-4.27,-0.41,,-2.98,-2.34,-1.96,-4.26,0.0,0.0,1.6e-06,8.3e-10,2.7e-09,2.3e-05,,0.00033,0.0,9e-10,0.0,4.9e-09,0.0,0.013999999999999999,,8.8e-09,3.4e-06,4.3e-15,2.2e-15,True,True,True,True,True,True,False,False,True,True,True,True,True,False,False,True,True,True,True,15,14,TRP2,YER090W,16,Anthranilate synthase,chr05,30M,"Anthranilate synthase; catalyzes the initial step of tryptophan biosynthesis, forms multifunctional hetero-oligomeric anthranilate synthase:indole-3-glycerol phosphate synthase enzyme complex with Trp3p",339472,Anthranilate synthase involved in tryptophan biosynthesis; catalyzes the the conversion of chorismate to anthranilate; subunit of the anthranilate synthase complex|uniprot_proteome=UP000002311,338454,-,44,1,"Non-essential gene; null mutation causes tryptophan auxotrophy and increased resistance to toxic analog 5-fluoroanthranilic acid; in systematic studies null mutant shows reduced growth rate and competitive fitness, and sensitivity to alkaline pH, oxidative stress and multiple chemicals, including azole drugs and MMS",337949,True,True,False,P10E3,C10
219,ATATTGAGTAAGTACATGAATGTAATATTT,,-1.11,-2.9,-7.37,-3.7,-4.24,,-0.81,-5.46,-4.15,-5.09,-0.08,-1.11,0.5,-4.04,,3.42,0.12,-5.46,,0.0014,6.3e-11,5.9999999999999995e-05,0.0033,2.9e-09,,0.015,9.5e-06,1.5e-09,1.2e-15,0.53,0.006,0.039,1.3e-07,,0.034,0.65,5.7000000000000005e-06,False,False,True,True,False,True,False,False,True,True,True,False,False,False,True,False,False,False,True,8,8,,,16,,chr12,30M,,,,673959,-,44,,,,True,True,False,P10G9,D10
9,AAAAGAAAAATGTATGCATTGTAAGTAACT,0.77,-3.03,-0.44,0.21,-0.16,-0.1,-0.79,0.72,0.41,0.19,0.01,0.94,-0.14,0.66,-0.52,-0.88,0.15,0.82,0.15,3.6000000000000004e-14,0.0,6.4e-05,0.1,0.28,0.64,8.8e-07,1.4e-11,2.4e-05,0.08800000000000001,0.9,0.0,0.22,1.8999999999999998e-08,0.00062,0.013999999999999999,0.38,2.7e-13,0.21,True,True,True,False,False,False,True,True,True,False,False,True,False,True,False,False,False,True,False,9,9,,,16,,chr16,30M,,,,859836,-,44,,,,True,True,False,P11B1,E10
407,CGAACAGAAACACAAATAAAGAGATAACCC,-5.16,-3.34,-5.14,1.67,-5.01,-2.13,-12.04,-4.94,-3.71,-1.58,-4.29,,-1.81,,-3.05,-0.12,-0.32,-2.7,-1.85,0.0,1.1000000000000001e-16,4.4e-05,0.0077,1e-05,0.0023,0.0,1.1000000000000001e-16,0.0,0.0097,1.7e-08,,2.6e-06,,0.00037999999999999997,0.77,0.35,3.6e-11,5.599999999999999e-16,True,True,True,False,True,False,True,True,True,False,True,False,True,False,False,False,False,True,True,11,11,,,16,,chr13,30M,,,,67611,-,44,,,,True,True,False,P11B4,F10
724,TACACCAATTACACTGCCTCATTGATGGTG,,,-12.72,-13.63,,-8.44,-15.86,-18.11,-14.78,,-7.17,,,-17.54,,-10.44,,-0.48,-16.15,,,1.8e-09,1.7e-10,,1.2e-05,0.0,0.0,0.0,,8e-05,,,1.3e-15,,0.0,,0.1,1.3e-13,False,False,True,True,False,True,True,True,True,False,True,False,False,True,False,True,False,False,True,10,10,,,16,,chr15,30M,,,,161141,-,44,,,,True,True,False,P11B9,G10
742,TATATTGAACTTTACAACTTGTACCCTTCA,0.08,0.12,0.05,-0.11,0.09,0.16,0.14,0.03,0.13,0.1,0.08,-0.1,0.14,-0.02,0.05,0.09,-0.33,0.03,0.1,0.4,0.25,0.68,0.51,0.35,0.32,0.26,0.73,0.14,0.45,0.38,0.29,0.34,0.88,0.72,0.54,0.0027,0.72,0.24,False,False,False,False,False,False,False,False,False,False,False,False,False,False,False,False,False,False,False,0,0,,,16,,chr08,30M,,,,417454,-,44,,,,True,True,True,P11C2,H10
453,CTATCAAGGCTTAATTTCGTTAGATTATCA,1.47,-6.94,,,,,-10.12,0.35,-5.0,,,0.6,-5.73,1.48,-6.16,-9.01,1.55,2.36,,0.0086,0.00011,,,,,5.5e-07,0.23,0.0,,,0.00042,0.0005,2.2000000000000002e-10,0.0,0.0,4.5999999999999995e-08,3.7999999999999996e-08,,False,True,False,False,False,False,True,False,True,False,False,False,False,True,True,True,True,True,False,8,7,RPL35B,YDL136W,0,Ribosomal 60S subunit protein L35B,chr04,30M,"Ribosomal 60S subunit protein L35B; homologous to mammalian ribosomal protein L35 and bacterial L29; RPL35B has a paralog, RPL35A, that arose from the whole genome duplication",218367,None,218354,+,44,1,None,217600,True,True,False,P11D5,A11
312,CAATTTCAACGTTGTACAATCTGATATTAT,-1.4,-4.32,-4.65,,,,-6.65,-5.28,-4.0,-1.66,,-4.13,-2.51,-3.59,-5.64,-5.08,-6.2,-2.31,,1.5e-06,1.9e-12,8.9e-08,,,,0.0,0.00081,5.2e-07,0.0094,,4.9e-07,1.5e-06,0.0035,0.00055,0.00099,0.00029,8.2e-06,,True,True,True,False,False,False,True,False,True,False,False,True,True,False,False,False,False,True,False,8,8,SPT8,YLR055C,0,Subunit of the SAGA transcriptional regulatory complex,chr12,30M,Subunit of the SAGA transcriptional regulatory complex; not present in SAGA-like complex SLIK/SALSA; required for SAGA-mediated inhibition at some promoters,253080,None,251466,+,44,-1,"Non-essential gene; null mutants have abnormal vacuolar morphology, enhanced respiration and caffeine tolerance, impaired sporulation, are sensitive to DNA-damaging agents, heat, osmotic stress, dessication, and are auxotrophic for myo-inositol; overexpression slows growth",251272,True,True,False,P11D9,B11
579,GCCCTCGAAACCTATCCATAATTTGAAACT,-1.34,-4.26,-4.89,-0.94,-3.33,,-6.24,,-5.28,-4.74,-5.57,-2.43,-1.75,-2.98,-4.47,-3.91,1.74,-3.27,-3.49,7.8e-10,1.1e-13,1.5e-09,0.036000000000000004,0.0042,,0.0,,0.0,0.0014,1.5e-06,4.5000000000000005e-13,1.8e-05,1.2e-06,0.0,0.0028,0.0075,1.1000000000000001e-16,5.5e-08,True,True,True,False,False,False,True,False,True,False,True,True,True,True,True,False,False,True,True,12,12,SPT8,YLR055C,16,Subunit of the SAGA transcriptional regulatory complex,chr12,30M,Subunit of the SAGA transcriptional regulatory complex; not present in SAGA-like complex SLIK/SALSA; required for SAGA-mediated inhibition at some promoters,253080,None,251599,-,44,-1,"Non-essential gene; null mutants have abnormal vacuolar morphology, enhanced respiration and caffeine tolerance, impaired sporulation, are sensitive to DNA-damaging agents, heat, osmotic stress, dessication, and are auxotrophic for myo-inositol; overexpression slows growth",251272,True,True,False,P11F12,C11
248,ATTAATACTTTGCAGCATATTTTGAATTTC,-9.81,1.1,-9.87,,-11.72,-9.36,-23.87,-9.96,-4.0,,,0.13,,-6.62,,-12.02,,,,9.2e-15,0.015,0.0,,1.8999999999999998e-08,2.3e-06,0.0,0.0,0.0026,,,0.74,,1.1e-09,,0.0,,,,True,False,True,False,True,True,True,True,False,False,False,False,False,True,False,True,False,False,False,8,8,UBP3,YER151C,0,Ubiquitin-specific protease involved in transport and osmotic response,chr05,30M,"Ubiquitin-specific protease involved in transport and osmotic response; negatively regulates Ras/PKA signaling; interacts with Bre5p to coregulate anterograde, retrograde transport between ER and Golgi; involved in transcription elongation in response to osmostress through phosphorylation at Ser695 by Hog1p; inhibitor of gene silencing; role in ribophagy; cleaves ubiquitin fusions but not polyubiquitin; protein abundance increases in response to DNA replication stress",472424,A thiol-dependent ubiquitin-specific protease that is a component of the Ubp3-Bre5 deubiquitination complex; binds mRNA and regulates the osmotic stress response and ER to Golgi vesicle-mediated transport; also involved in ribophagy; localized to the cytoplasm|uniprot_proteome=UP000002311,470562,+,44,-1,"Non-essential gene; null mutants grow slowly, have large cell size, are defective in vacuolar fragmentation, impaired in use of various nitrogen sources, resistant to DNA-damaging agent methyl methanesulfonate, and senstive to heat, anoxia, desiccation, caffeine, metals, butanol, various antibiotics including TOR inhibitor rapamycin, DNA topoisomerase inhibitor camptothecin, DNA synthesis inhibitor hydroxyurea, and protein synthesis inbibitor cycloheximide; ; overexpression enhances pseudohyphal growth in Sigma1278b, slows growth in S288C",469686,True,True,False,P11H7,D11
701,GTTTGTTTTGGGAAAGATCGTTCGCTTACT,-10.39,-0.07,,-0.85,,-8.1,-16.87,-19.72,,,,-7.53,,,,,,,-7.11,0.0,0.86,,0.045,,1.2e-12,0.0,0.0,,,,0.0,,,,,,,7.7e-07,True,False,False,False,False,True,True,True,False,False,False,True,False,False,False,False,False,False,True,6,6,,,0,,chr07,30M,,,,526948,+,44,,,,True,True,False,P11H8,E11
867,TTAGTCTTTCCATCAAATGGTGGAATTGAA,-0.17,-0.43,-0.47,0.61,-0.68,-0.42,-0.42,-0.17,-0.57,-1.02,-0.52,-0.39,-1.13,-0.37,-0.51,-0.54,-0.63,-0.19,-0.62,0.15,1.3e-08,0.06,0.14,0.099,0.1,3.8e-06,0.18,0.00013000000000000002,1.1000000000000001e-16,6.6e-06,0.0093,0.0,0.039,3.1e-05,0.0002,3e-06,0.022000000000000002,0.0018,False,True,False,False,False,False,True,False,True,True,True,False,True,False,True,False,True,False,False,8,7,COG8,YML071C,0,Component of the conserved oligomeric Golgi complex,chr13,30M,Component of the conserved oligomeric Golgi complex; a cytosolic tethering complex (Cog1p through Cog8p) that functions in protein trafficking to mediate fusion of transport vesicles to Golgi compartments,131572,Protein involved in vesicle-mediated transport within the Golgi and CVT pathway; part of the Golgi transport complex|uniprot_proteome=UP000002311,130707,+,44,-1,None,129749,True,True,False,P12A10,F11
488,CTTGATGGCTGAAAGTAGTCGAACATTTTC,-1.05,-0.18,-1.83,-1.34,,-0.63,-1.31,,-0.71,0.25,-0.87,-1.09,-1.09,,-2.43,-2.02,-3.65,-1.94,-2.12,0.016,0.65,3.6e-05,0.0044,,0.027999999999999997,1.6e-08,,0.013999999999999999,0.11,9.8e-11,0.0053,0.01,,2.6000000000000002e-12,6.2e-10,1.8999999999999998e-08,5.599999999999999e-16,1.6e-11,False,False,True,False,False,False,True,False,False,False,True,False,False,False,True,True,True,True,True,8,7,PTR3,YFR029W,16,Component of the SPS plasma membrane amino acid sensor system,chr06,30M,"Component of the SPS plasma membrane amino acid sensor system; senses external amino acid concentration and transmits intracellular signals that result in regulation of expression of amino acid permease genes; other members are Ssy1p, Ptr3p, and Ssy5p",212973,None,211221,-,44,1,None,210937,True,True,False,P12A2,G11
691,GTTGGGCGCTTAAAGAAGAGACTCACTAAA,0.13,0.12,-0.03,0.07,0.05,-0.04,-0.18,-0.03,0.16,0.39,0.21,0.17,0.12,0.05,-0.01,0.28,0.27,-0.09,0.2,0.18,0.16,0.77,0.61,0.75,0.81,0.21,0.84,0.077,0.064,0.033,0.1,0.34,0.68,0.94,0.04,0.17,0.35,0.055999999999999994,False,False,False,False,False,False,False,False,False,False,False,False,False,False,False,False,False,False,False,0,0,,,0,,chr13,30M,,,,759272,+,44,,,,True,True,True,P12A4,H11
489,CTTGCAAGTGTAATTGTCGTGTTTGTTTCG,-2.72,,-2.82,-4.74,-6.01,-3.01,-11.53,-1.49,-0.4,-0.44,-0.68,0.4,-0.69,0.66,-0.43,-7.9,0.12,-0.73,-7.31,1.3e-09,,5.5e-08,6.3e-06,0.0,1.1e-07,0.0,4.9e-13,0.00023999999999999998,0.031,1.1e-07,6.2e-05,0.00042,0.001,0.065,2.7000000000000002e-05,0.76,0.0007700000000000001,4.0999999999999995e-09,True,False,True,True,True,True,True,True,False,False,True,True,False,False,False,True,False,False,True,11,11,,,16,,chr04,30M,,,,38452,-,44,,,,True,True,False,P12B8,A12
13,AAAAGCGACATTTCTGCTGGGGTAGGGACC,-1.2,-1.39,-1.15,-0.42,-0.37,-1.61,-0.63,-1.32,-0.6,-0.95,-0.78,-0.16,-1.15,-1.12,,,-1.33,-1.0,-1.02,5.5e-08,2e-13,0.0013,0.14,0.35,9.1e-07,0.0028,6.5000000000000004e-06,2.7e-07,9.1e-05,0.00027,0.69,4.6e-06,3.7e-05,,,0.0024,4.7000000000000004e-08,0.00023999999999999998,True,True,False,False,False,True,False,True,True,False,False,False,True,True,False,False,False,True,False,8,8,EAF1,YDR359C,0,Component of the NuA4 histone acetyltransferase complex,chr04,30M,"Component of the NuA4 histone acetyltransferase complex; acts as a platform for assembly of NuA4 subunits into the native complex; required for initiation of pre-meiotic DNA replication, likely due to its requirement for expression of IME1",1194884,None,1192480,+,44,-1,None,1191936,True,True,False,P12C10,B12
418,CGATGATGATGATGAAACGAAAAACTGCTA,0.25,0.19,-0.09,-0.14,0.14,-0.13,0.49,0.02,-0.07,0.03,-0.01,0.05,0.16,0.0,-0.17,0.06,0.16,-0.09,-0.27,0.047,0.057999999999999996,0.59,0.47,0.33,0.45,0.026000000000000002,0.85,0.51,0.87,0.93,0.62,0.09300000000000001,0.99,0.45,0.73,0.46,0.42,0.14,False,False,False,False,False,False,False,False,False,False,False,False,False,False,False,False,False,False,False,0,0,,,16,,chr15,30M,,,,1060169,-,44,,,,True,True,True,P12D2,C12
326,CATCACCGTGCTCATCAACTCAGATTGTTC,-19.34,-5.2,-13.96,,,-14.09,-8.29,,-10.63,-8.93,-8.45,-2.26,-5.68,-5.22,-2.6,-5.6,-1.63,-4.19,-5.04,0.0,0.0,7.1e-11,,,5.1000000000000005e-11,2.1e-13,,0.0,5.0999999999999995e-06,1.1e-05,0.00021,2.9e-07,1.6e-07,0.0064,0.00058,0.33,1.6e-05,0.001,True,True,True,False,False,True,True,False,True,True,True,False,True,True,False,False,False,True,False,11,11,STH1,YIL126W,16,ATPase component of the RSC chromatin remodeling complex,chr09,30M,ATPase component of the RSC chromatin remodeling complex; required for expression of early meiotic genes; promotes base excision repair in chromatin; essential helicase-related protein homologous to Snf2p,122071,None,118030,-,44,1,None,117992,True,True,False,P12D7,D12
130,AGAACATCATCTACACTGCAGCTTTTTTTA,-0.46,-2.18,-3.7,-3.49,-2.64,-3.98,-2.32,-0.38,-3.36,-3.56,-3.04,-0.85,-3.22,-1.05,,-4.48,-0.57,0.02,-2.81,0.017,8.9e-16,5.6000000000000006e-05,0.0038,1e-06,3.4e-07,0.0008300000000000001,0.038,0.0,8.5e-12,0.00015,0.00021,3.3e-16,0.00011,,0.0018,0.064,0.89,1.3e-07,False,True,True,False,True,True,False,False,True,True,False,False,True,True,False,False,False,False,True,9,9,DPB4,YDR121W,16,Subunit of DNA pol epsilon and of ISW2 chromatin accessibility complex,chr04,30M,"Subunit of DNA pol epsilon and of ISW2 chromatin accessibility complex; involved in both chromosomal DNA replication and inheritance of telomeric silencing; stabilizes the interaction of Pol epsilon with primer-template DNA, positively affecting the processivity of the polymerase and exonuclease activities of Pol epsilon; interacts with extranucleosomal DNA and acts as anchor point for ISW2 complex that retains its position on DNA during nucleosome mobilization",694175,"Subunit of epsilon DNA polymerase complex that contributes to DNA polymerase activity; involved in leading strand elongation during DNA replication, nucleosome mobilization, and heterochromatin organization that contributes to chromatin silencing|uniprot_proteome=UP000002311",693871,-,44,1,None,693585,True,True,False,P12F12,E12
544,GAGTGCTTCAAAGTTGCAAAAAAAATAAAA,0.15,-0.01,-0.69,,-1.11,-1.2,-2.1,-1.28,-1.62,-0.36,-0.87,1.94,-1.02,1.94,-0.98,-1.15,1.86,2.63,-1.49,0.25,0.89,0.0076,,7e-07,1.3e-06,2.6000000000000002e-12,0.012,2.7e-09,0.37,0.00042,0.0,0.00029,3.8e-12,5.8e-10,0.017,5.4e-15,0.0018,2.8999999999999998e-08,False,False,False,False,True,True,True,False,True,False,False,True,False,True,True,False,True,False,True,9,8,RPS14B,YJL191W,16,Protein component of the small (40S) ribosomal subunit,chr10,30M,"Protein component of the small (40S) ribosomal subunit; required for ribosome assembly and 20S pre-rRNA processing; mutations confer cryptopleurine resistance; homologous to mammalian ribosomal protein S14 and bacterial S11; RPS14B has a paralog, RPS14A, that arose from the whole genome duplication",74611,rRNA-binding constituent of the cytosolic small ribosomal subunit; involved in maturation of the small subunit rRNA and assembly of the small ribosomal subunit|uniprot_proteome=UP000002311,73923,-,44,1,None,73787,True,True,False,P12F4,F12
419,CGCGATCAATCCTCTGCTTTTTCCTTGCTG,-6.25,-4.15,-5.62,-9.69,-3.45,-0.69,-7.35,-3.73,,-6.84,,-3.9,-5.1,-7.63,,,,-0.78,,0.0,5e-08,2.5e-06,1.3e-06,0.00037,0.094,2.8e-08,3.1e-14,,6.900000000000001e-08,,1.1000000000000001e-08,5.1e-12,7.400000000000001e-10,,,,0.001,,True,True,True,True,False,False,True,True,False,True,False,True,True,True,False,False,False,False,False,10,10,MSL1,YIR009W,16,U2B component of U2 snRNP,chr09,30M,"U2B component of U2 snRNP; involved in splicing, binds the U2 snRNA stem-loop IV in vitro but requires association of Lea1p for in vivo binding; does not contain the conserved C-terminal RNA binding domain found in other family members",374860,None,374564,-,44,1,None,374525,True,True,False,P12F9,G12
536,GAGAATGAAGGACAGGTATCACCATTTGGA,-1.53,-2.64,-2.13,-1.42,-5.64,-1.51,-2.05,-2.24,-4.2,-3.05,-4.43,-4.21,-2.91,-6.54,-3.97,-3.65,-5.02,-3.53,-1.88,0.0,0.0,4.8e-09,3.8e-06,0.00055,0.00058,0.0,0.0,0.0,2.9e-13,0.0,0.0,0.0,0.00018999999999999998,9.1e-09,0.0034,0.0,0.0,0.0019,True,True,True,True,False,False,True,True,True,True,True,True,True,False,True,False,True,True,False,14,13,RSC30,YHR056C,0,Component of the RSC chromatin remodeling complex,chr08,30M,"Component of the RSC chromatin remodeling complex; non-essential gene required for regulation of ribosomal protein genes and the cell wall/stress response; null mutants are osmosensitive; RSC30 has a paralog, RSC3, that arose from the whole genome duplication",217834,"Subunit of RSC chromatin remodeling complex, slides along DNA affecting nucleosome positioning, transcription regulation, and DNA double-strand break repair via nonhomologous end joining|uniprot_proteome=UP000002311",216621,+,44,-1,None,215183,True,True,False,P12H3,H12
